{
    "name": "root",
    "metadata": {
        "timer_format_version": "0.1.0",
        "start_time_seconds": "1683629581",
        "python_version": "3.7.13 (default, Mar 28 2022, 08:03:21) [MSC v.1916 64 bit (AMD64)]",
        "command_line_arguments": "C:\\Users\\udvar\\anaconda3\\envs\\20221009env\\Scripts\\mlagents-learn --run-id=202305091252",
        "mlagents_version": "0.28.0",
        "mlagents_envs_version": "0.28.0",
        "communication_protocol_version": "1.5.0",
        "pytorch_version": "1.7.1+cu110",
        "numpy_version": "1.21.6",
        "end_time_seconds": "1683633971"
    },
    "total": 4390.2744948,
    "count": 1,
    "self": 0.007280900000296242,
    "children": {
        "run_training.setup": {
            "total": 0.1609256000000001,
            "count": 1,
            "self": 0.1609256000000001
        },
        "TrainerController.start_learning": {
            "total": 4390.1062882999995,
            "count": 1,
            "self": 0.04888059999939287,
            "children": {
                "TrainerController._reset_env": {
                    "total": 26.363833800000002,
                    "count": 1,
                    "self": 26.363833800000002
                },
                "TrainerController.advance": {
                    "total": 4363.5011564,
                    "count": 1951,
                    "self": 0.04756559999896126,
                    "children": {
                        "env_step": {
                            "total": 4362.7597641,
                            "count": 1951,
                            "self": 4360.572304,
                            "children": {
                                "SubprocessEnvManager._take_step": {
                                    "total": 2.1602374000001454,
                                    "count": 1951,
                                    "self": 0.116706599999997,
                                    "children": {
                                        "TorchPolicy.evaluate": {
                                            "total": 2.0435308000001484,
                                            "count": 1951,
                                            "self": 0.5565527999999311,
                                            "children": {
                                                "TorchPolicy.sample_actions": {
                                                    "total": 1.4869780000002173,
                                                    "count": 1951,
                                                    "self": 1.4869780000002173
                                                }
                                            }
                                        }
                                    }
                                },
                                "workers": {
                                    "total": 0.027222699999917666,
                                    "count": 1950,
                                    "self": 0.0,
                                    "children": {
                                        "worker_root": {
                                            "total": 22.60014199999992,
                                            "count": 1950,
                                            "is_parallel": true,
                                            "self": 8.58249839999992,
                                            "children": {
                                                "steps_from_proto": {
                                                    "total": 0.0005260000000006926,
                                                    "count": 1,
                                                    "is_parallel": true,
                                                    "self": 0.00032090000000195573,
                                                    "children": {
                                                        "_process_rank_one_or_two_observation": {
                                                            "total": 0.00020509999999873685,
                                                            "count": 2,
                                                            "is_parallel": true,
                                                            "self": 0.00020509999999873685
                                                        }
                                                    }
                                                },
                                                "UnityEnvironment.step": {
                                                    "total": 14.017117599999999,
                                                    "count": 1950,
                                                    "is_parallel": true,
                                                    "self": 0.19076979999998755,
                                                    "children": {
                                                        "UnityEnvironment._generate_step_input": {
                                                            "total": 0.15929060000001272,
                                                            "count": 1950,
                                                            "is_parallel": true,
                                                            "self": 0.15929060000001272
                                                        },
                                                        "communicator.exchange": {
                                                            "total": 13.036150000000148,
                                                            "count": 1950,
                                                            "is_parallel": true,
                                                            "self": 13.036150000000148
                                                        },
                                                        "steps_from_proto": {
                                                            "total": 0.6309071999998501,
                                                            "count": 1950,
                                                            "is_parallel": true,
                                                            "self": 0.4063978999999307,
                                                            "children": {
                                                                "_process_rank_one_or_two_observation": {
                                                                    "total": 0.22450929999991942,
                                                                    "count": 3900,
                                                                    "is_parallel": true,
                                                                    "self": 0.22450929999991942
                                                                }
                                                            }
                                                        }
                                                    }
                                                }
                                            }
                                        }
                                    }
                                }
                            }
                        },
                        "trainer_advance": {
                            "total": 0.6938267000001304,
                            "count": 1950,
                            "self": 0.0539447000001303,
                            "children": {
                                "process_trajectory": {
                                    "total": 0.6398820000000001,
                                    "count": 1950,
                                    "self": 0.6398820000000001
                                }
                            }
                        }
                    }
                },