{
    "name": "root",
    "metadata": {
        "timer_format_version": "0.1.0",
        "start_time_seconds": "1683117854",
        "python_version": "3.7.13 (default, Mar 28 2022, 08:03:21) [MSC v.1916 64 bit (AMD64)]",
        "command_line_arguments": "C:\\Users\\udvar\\anaconda3\\envs\\20221009env\\Scripts\\mlagents-learn --run-id=202305031444",
        "mlagents_version": "0.28.0",
        "mlagents_envs_version": "0.28.0",
        "communication_protocol_version": "1.5.0",
        "pytorch_version": "1.7.1+cu110",
        "numpy_version": "1.21.6",
        "end_time_seconds": "1683117969"
    },
    "total": 114.9776421,
    "count": 1,
    "self": 0.007049699999996051,
    "children": {
        "run_training.setup": {
            "total": 0.15057869999999962,
            "count": 1,
            "self": 0.15057869999999962
        },
        "TrainerController.start_learning": {
            "total": 114.8200137,
            "count": 1,
            "self": 0.10285419999978274,
            "children": {
                "TrainerController._reset_env": {
                    "total": 27.3325892,
                    "count": 1,
                    "self": 27.3325892
                },
                "TrainerController.advance": {
                    "total": 87.30354330000023,
                    "count": 4651,
                    "self": 0.10838370000006137,
                    "children": {
                        "env_step": {
                            "total": 86.67038609999992,
                            "count": 4651,
                            "self": 81.50018749999978,
                            "children": {
                                "SubprocessEnvManager._take_step": {
                                    "total": 5.105608000000004,
                                    "count": 4651,
                                    "self": 0.2569910999996843,
                                    "children": {
                                        "TorchPolicy.evaluate": {
                                            "total": 4.848616900000319,
                                            "count": 4651,
                                            "self": 1.2896059000001578,
                                            "children": {
                                                "TorchPolicy.sample_actions": {
                                                    "total": 3.5590110000001616,
                                                    "count": 4651,
                                                    "self": 3.5590110000001616
                                                }
                                            }
                                        }
                                    }
                                },
                                "workers": {
                                    "total": 0.06459060000013395,
                                    "count": 4650,
                                    "self": 0.0,
                                    "children": {
                                        "worker_root": {
                                            "total": 27.065152400000066,
                                            "count": 4650,
                                            "is_parallel": true,
                                            "self": 13.286332600000119,
                                            "children": {
                                                "steps_from_proto": {
                                                    "total": 0.0005072999999988781,
                                                    "count": 1,
                                                    "is_parallel": true,
                                                    "self": 0.0002972999999997228,
                                                    "children": {
                                                        "_process_rank_one_or_two_observation": {
                                                            "total": 0.0002099999999991553,
                                                            "count": 2,
                                                            "is_parallel": true,
                                                            "self": 0.0002099999999991553
                                                        }
                                                    }
                                                },
                                                "UnityEnvironment.step": {
                                                    "total": 13.778312499999949,
                                                    "count": 4650,
                                                    "is_parallel": true,
                                                    "self": 0.40508719999945697,
                                                    "children": {
                                                        "UnityEnvironment._generate_step_input": {
                                                            "total": 0.3324698000000801,
                                                            "count": 4650,
                                                            "is_parallel": true,
                                                            "self": 0.3324698000000801
                                                        },
                                                        "communicator.exchange": {
                                                            "total": 11.62290270000032,
                                                            "count": 4650,
                                                            "is_parallel": true,
                                                            "self": 11.62290270000032
                                                        },
                                                        "steps_from_proto": {
                                                            "total": 1.417852800000091,
                                                            "count": 4650,
                                                            "is_parallel": true,
                                                            "self": 0.9535651999997441,
                                                            "children": {
                                                                "_process_rank_one_or_two_observation": {
                                                                    "total": 0.46428760000034686,
                                                                    "count": 9300,
                                                                    "is_parallel": true,
                                                                    "self": 0.46428760000034686
                                                                }
                                                            }
                                                        }
                                                    }
                                                }
                                            }
                                        }
                                    }
                                }
                            }
                        },
                        "trainer_advance": {
                            "total": 0.5247735000002507,
                            "count": 4650,
                            "self": 0.12744310000054426,
                            "children": {
                                "process_trajectory": {
                                    "total": 0.39733039999970643,
                                    "count": 4650,
                                    "self": 0.39733039999970643
                                }
                            }
                        }
                    }
                },