{
    "name": "root",
    "metadata": {
        "timer_format_version": "0.1.0",
        "start_time_seconds": "1685268782",
        "python_version": "3.7.13 (default, Mar 28 2022, 08:03:21) [MSC v.1916 64 bit (AMD64)]",
        "command_line_arguments": "C:\\Users\\udvar\\anaconda3\\envs\\20221009env\\Scripts\\mlagents-learn --run-id=202305281212",
        "mlagents_version": "0.28.0",
        "mlagents_envs_version": "0.28.0",
        "communication_protocol_version": "1.5.0",
        "pytorch_version": "1.7.1+cu110",
        "numpy_version": "1.21.6",
        "end_time_seconds": "1685269083"
    },
    "total": 300.4461338,
    "count": 1,
    "self": 0.007574800000043069,
    "children": {
        "run_training.setup": {
            "total": 0.15563610000000017,
            "count": 1,
            "self": 0.15563610000000017
        },
        "TrainerController.start_learning": {
            "total": 300.28292289999996,
            "count": 1,
            "self": 0.26096800000016174,
            "children": {
                "TrainerController._reset_env": {
                    "total": 24.6674582,
                    "count": 1,
                    "self": 24.6674582
                },
                "TrainerController.advance": {
                    "total": 275.23706259999983,
                    "count": 10184,
                    "self": 0.26411749999982703,
                    "children": {
                        "env_step": {
                            "total": 266.8795864,
                            "count": 10184,
                            "self": 254.9097382999998,
                            "children": {
                                "SubprocessEnvManager._take_step": {
                                    "total": 11.826285100000128,
                                    "count": 10184,
                                    "self": 0.6125399999997541,
                                    "children": {
                                        "TorchPolicy.evaluate": {
                                            "total": 11.213745100000374,
                                            "count": 10184,
                                            "self": 2.742543700000507,
                                            "children": {
                                                "TorchPolicy.sample_actions": {
                                                    "total": 8.471201399999867,
                                                    "count": 10184,
                                                    "self": 8.471201399999867
                                                }
                                            }
                                        }
                                    }
                                },
                                "workers": {
                                    "total": 0.1435630000000927,
                                    "count": 10183,
                                    "self": 0.0,
                                    "children": {
                                        "worker_root": {
                                            "total": 154.8301371000005,
                                            "count": 10183,
                                            "is_parallel": true,
                                            "self": 34.06122650000046,
                                            "children": {
                                                "steps_from_proto": {
                                                    "total": 0.0005124999999992497,
                                                    "count": 1,
                                                    "is_parallel": true,
                                                    "self": 0.00030570000000196274,
                                                    "children": {
                                                        "_process_rank_one_or_two_observation": {
                                                            "total": 0.00020679999999728693,
                                                            "count": 2,
                                                            "is_parallel": true,
                                                            "self": 0.00020679999999728693
                                                        }
                                                    }
                                                },
                                                "UnityEnvironment.step": {
                                                    "total": 120.76839810000006,
                                                    "count": 10183,
                                                    "is_parallel": true,
                                                    "self": 0.9930282999998781,
                                                    "children": {
                                                        "UnityEnvironment._generate_step_input": {
                                                            "total": 0.8132352000004914,
                                                            "count": 10183,
                                                            "is_parallel": true,
                                                            "self": 0.8132352000004914
                                                        },
                                                        "communicator.exchange": {
                                                            "total": 115.3173139000001,
                                                            "count": 10183,
                                                            "is_parallel": true,
                                                            "self": 115.3173139000001
                                                        },
                                                        "steps_from_proto": {
                                                            "total": 3.6448206999995847,
                                                            "count": 10183,
                                                            "is_parallel": true,
                                                            "self": 2.292635899998878,
                                                            "children": {
                                                                "_process_rank_one_or_two_observation": {
                                                                    "total": 1.3521848000007068,
                                                                    "count": 20366,
                                                                    "is_parallel": true,
                                                                    "self": 1.3521848000007068
                                                                }
                                                            }
                                                        }
                                                    }
                                                }
                                            }
                                        }
                                    }
                                }
                            }
                        },
                        "trainer_advance": {
                            "total": 8.093358700000035,
                            "count": 10183,
                            "self": 0.2734543000000116,
                            "children": {
                                "process_trajectory": {
                                    "total": 7.8199044000000235,
                                    "count": 10183,
                                    "self": 7.8199044000000235
                                }
                            }
                        }
                    }
                },