{
    "name": "root",
    "metadata": {
        "timer_format_version": "0.1.0",
        "start_time_seconds": "1684745290",
        "python_version": "3.7.13 (default, Mar 28 2022, 08:03:21) [MSC v.1916 64 bit (AMD64)]",
        "command_line_arguments": "C:\\Users\\udvar\\anaconda3\\envs\\20221009env\\Scripts\\mlagents-learn --run-id=202305221048",
        "mlagents_version": "0.28.0",
        "mlagents_envs_version": "0.28.0",
        "communication_protocol_version": "1.5.0",
        "pytorch_version": "1.7.1+cu110",
        "numpy_version": "1.21.6",
        "end_time_seconds": "1684745438"
    },
    "total": 148.0119784,
    "count": 1,
    "self": 0.008469499999989694,
    "children": {
        "run_training.setup": {
            "total": 0.15433020000000042,
            "count": 1,
            "self": 0.15433020000000042
        },
        "TrainerController.start_learning": {
            "total": 147.8491787,
            "count": 1,
            "self": 0.08235829999992461,
            "children": {
                "TrainerController._reset_env": {
                    "total": 11.495982800000002,
                    "count": 1,
                    "self": 11.495982800000002
                },
                "TrainerController.advance": {
                    "total": 136.10355310000008,
                    "count": 3567,
                    "self": 0.08453000000034194,
                    "children": {
                        "env_step": {
                            "total": 135.1310008999998,
                            "count": 3567,
                            "self": 130.94810009999975,
                            "children": {
                                "SubprocessEnvManager._take_step": {
                                    "total": 4.133789199999935,
                                    "count": 3567,
                                    "self": 0.20176429999984435,
                                    "children": {
                                        "TorchPolicy.evaluate": {
                                            "total": 3.9320249000000906,
                                            "count": 3567,
                                            "self": 1.0249321999996894,
                                            "children": {
                                                "TorchPolicy.sample_actions": {
                                                    "total": 2.907092700000401,
                                                    "count": 3567,
                                                    "self": 2.907092700000401
                                                }
                                            }
                                        }
                                    }
                                },
                                "workers": {
                                    "total": 0.04911160000011705,
                                    "count": 3566,
                                    "self": 0.0,
                                    "children": {
                                        "worker_root": {
                                            "total": 40.89661340000022,
                                            "count": 3566,
                                            "is_parallel": true,
                                            "self": 13.63387620000007,
                                            "children": {
                                                "steps_from_proto": {
                                                    "total": 0.0015805000000002067,
                                                    "count": 1,
                                                    "is_parallel": true,
                                                    "self": 0.00038979999999977366,
                                                    "children": {
                                                        "_process_rank_one_or_two_observation": {
                                                            "total": 0.001190700000000433,
                                                            "count": 2,
                                                            "is_parallel": true,
                                                            "self": 0.001190700000000433
                                                        }
                                                    }
                                                },
                                                "UnityEnvironment.step": {
                                                    "total": 27.26115670000015,
                                                    "count": 3566,
                                                    "is_parallel": true,
                                                    "self": 0.3319312000004331,
                                                    "children": {
                                                        "UnityEnvironment._generate_step_input": {
                                                            "total": 0.26211539999983025,
                                                            "count": 3566,
                                                            "is_parallel": true,
                                                            "self": 0.26211539999983025
                                                        },
                                                        "communicator.exchange": {
                                                            "total": 25.47162659999986,
                                                            "count": 3566,
                                                            "is_parallel": true,
                                                            "self": 25.47162659999986
                                                        },
                                                        "steps_from_proto": {
                                                            "total": 1.1954835000000283,
                                                            "count": 3566,
                                                            "is_parallel": true,
                                                            "self": 0.7807371000002181,
                                                            "children": {
                                                                "_process_rank_one_or_two_observation": {
                                                                    "total": 0.4147463999998102,
                                                                    "count": 7132,
                                                                    "is_parallel": true,
                                                                    "self": 0.4147463999998102
                                                                }
                                                            }
                                                        }
                                                    }
                                                }
                                            }
                                        }
                                    }
                                }
                            }
                        },
                        "trainer_advance": {
                            "total": 0.8880221999999272,
                            "count": 3566,
                            "self": 0.09915339999966832,
                            "children": {
                                "process_trajectory": {
                                    "total": 0.7888688000002588,
                                    "count": 3566,
                                    "self": 0.7888688000002588
                                }
                            }
                        }
                    }
                },