{
    "name": "root",
    "metadata": {
        "timer_format_version": "0.1.0",
        "start_time_seconds": "1683633990",
        "python_version": "3.7.13 (default, Mar 28 2022, 08:03:21) [MSC v.1916 64 bit (AMD64)]",
        "command_line_arguments": "C:\\Users\\udvar\\anaconda3\\envs\\20221009env\\Scripts\\mlagents-learn --run-id=202305091406",
        "mlagents_version": "0.28.0",
        "mlagents_envs_version": "0.28.0",
        "communication_protocol_version": "1.5.0",
        "pytorch_version": "1.7.1+cu110",
        "numpy_version": "1.21.6",
        "end_time_seconds": "1683634032"
    },
    "total": 42.2154434,
    "count": 1,
    "self": 0.007676600000003475,
    "children": {
        "run_training.setup": {
            "total": 0.14864470000000019,
            "count": 1,
            "self": 0.14864470000000019
        },
        "TrainerController.start_learning": {
            "total": 42.059122099999996,
            "count": 1,
            "self": 0.10021009999989161,
            "children": {
                "TrainerController._reset_env": {
                    "total": 11.8564261,
                    "count": 1,
                    "self": 11.8564261
                },
                "TrainerController.advance": {
                    "total": 29.989723300000104,
                    "count": 4451,
                    "self": 0.10746720000011933,
                    "children": {
                        "env_step": {
                            "total": 29.358105899999973,
                            "count": 4451,
                            "self": 24.425413099999876,
                            "children": {
                                "SubprocessEnvManager._take_step": {
                                    "total": 4.87127420000005,
                                    "count": 4451,
                                    "self": 0.25085969999997815,
                                    "children": {
                                        "TorchPolicy.evaluate": {
                                            "total": 4.620414500000072,
                                            "count": 4451,
                                            "self": 1.2574246000000535,
                                            "children": {
                                                "TorchPolicy.sample_actions": {
                                                    "total": 3.3629899000000183,
                                                    "count": 4451,
                                                    "self": 3.3629899000000183
                                                }
                                            }
                                        }
                                    }
                                },
                                "workers": {
                                    "total": 0.06141860000004762,
                                    "count": 4450,
                                    "self": 0.0,
                                    "children": {
                                        "worker_root": {
                                            "total": 28.917323300000135,
                                            "count": 4450,
                                            "is_parallel": true,
                                            "self": 13.552634099999635,
                                            "children": {
                                                "steps_from_proto": {
                                                    "total": 0.0006363000000000341,
                                                    "count": 1,
                                                    "is_parallel": true,
                                                    "self": 0.0003588000000007696,
                                                    "children": {
                                                        "_process_rank_one_or_two_observation": {
                                                            "total": 0.00027749999999926445,
                                                            "count": 2,
                                                            "is_parallel": true,
                                                            "self": 0.00027749999999926445
                                                        }
                                                    }
                                                },
                                                "UnityEnvironment.step": {
                                                    "total": 15.3640529000005,
                                                    "count": 4450,
                                                    "is_parallel": true,
                                                    "self": 0.40328390000044756,
                                                    "children": {
                                                        "UnityEnvironment._generate_step_input": {
                                                            "total": 0.3719485999999179,
                                                            "count": 4450,
                                                            "is_parallel": true,
                                                            "self": 0.3719485999999179
                                                        },
                                                        "communicator.exchange": {
                                                            "total": 13.235677900000136,
                                                            "count": 4450,
                                                            "is_parallel": true,
                                                            "self": 13.235677900000136
                                                        },
                                                        "steps_from_proto": {
                                                            "total": 1.3531424999999988,
                                                            "count": 4450,
                                                            "is_parallel": true,
                                                            "self": 0.8890131999998712,
                                                            "children": {
                                                                "_process_rank_one_or_two_observation": {
                                                                    "total": 0.46412930000012764,
                                                                    "count": 8900,
                                                                    "is_parallel": true,
                                                                    "self": 0.46412930000012764
                                                                }
                                                            }
                                                        }
                                                    }
                                                }
                                            }
                                        }
                                    }
                                }
                            }
                        },
                        "trainer_advance": {
                            "total": 0.5241502000000136,
                            "count": 4450,
                            "self": 0.12525050000020954,
                            "children": {
                                "process_trajectory": {
                                    "total": 0.398899699999804,
                                    "count": 4450,
                                    "self": 0.398899699999804
                                }
                            }
                        }
                    }
                },