{
    "name": "root",
    "metadata": {
        "timer_format_version": "0.1.0",
        "start_time_seconds": "1684782440",
        "python_version": "3.7.13 (default, Mar 28 2022, 08:03:21) [MSC v.1916 64 bit (AMD64)]",
        "command_line_arguments": "C:\\Users\\udvar\\anaconda3\\envs\\20221009env\\Scripts\\mlagents-learn --run-id=202305222107",
        "mlagents_version": "0.28.0",
        "mlagents_envs_version": "0.28.0",
        "communication_protocol_version": "1.5.0",
        "pytorch_version": "1.7.1+cu110",
        "numpy_version": "1.21.6",
        "end_time_seconds": "1684782591"
    },
    "total": 150.9642977,
    "count": 1,
    "self": 0.006804899999991676,
    "children": {
        "run_training.setup": {
            "total": 0.1440115000000004,
            "count": 1,
            "self": 0.1440115000000004
        },
        "TrainerController.start_learning": {
            "total": 150.8134813,
            "count": 1,
            "self": 0.2920283000001689,
            "children": {
                "TrainerController._reset_env": {
                    "total": 10.9746822,
                    "count": 1,
                    "self": 10.9746822
                },
                "TrainerController.advance": {
                    "total": 139.36790109999984,
                    "count": 12001,
                    "self": 0.29804050000029747,
                    "children": {
                        "env_step": {
                            "total": 127.92697550000027,
                            "count": 12001,
                            "self": 115.12303920000079,
                            "children": {
                                "SubprocessEnvManager._take_step": {
                                    "total": 12.63606199999914,
                                    "count": 12001,
                                    "self": 0.6669385999985611,
                                    "children": {
                                        "TorchPolicy.evaluate": {
                                            "total": 11.969123400000578,
                                            "count": 12001,
                                            "self": 3.092752400000382,
                                            "children": {
                                                "TorchPolicy.sample_actions": {
                                                    "total": 8.876371000000196,
                                                    "count": 12001,
                                                    "self": 8.876371000000196
                                                }
                                            }
                                        }
                                    }
                                },
                                "workers": {
                                    "total": 0.16787430000033332,
                                    "count": 12000,
                                    "self": 0.0,
                                    "children": {
                                        "worker_root": {
                                            "total": 78.27106319999974,
                                            "count": 12000,
                                            "is_parallel": true,
                                            "self": 38.931091499999965,
                                            "children": {
                                                "steps_from_proto": {
                                                    "total": 0.0005212999999990586,
                                                    "count": 1,
                                                    "is_parallel": true,
                                                    "self": 0.0003142999999994345,
                                                    "children": {
                                                        "_process_rank_one_or_two_observation": {
                                                            "total": 0.00020699999999962415,
                                                            "count": 2,
                                                            "is_parallel": true,
                                                            "self": 0.00020699999999962415
                                                        }
                                                    }
                                                },
                                                "UnityEnvironment.step": {
                                                    "total": 39.33945039999978,
                                                    "count": 12000,
                                                    "is_parallel": true,
                                                    "self": 1.092279599999685,
                                                    "children": {
                                                        "UnityEnvironment._generate_step_input": {
                                                            "total": 0.882937599999666,
                                                            "count": 12000,
                                                            "is_parallel": true,
                                                            "self": 0.882937599999666
                                                        },
                                                        "communicator.exchange": {
                                                            "total": 33.2066802000004,
                                                            "count": 12000,
                                                            "is_parallel": true,
                                                            "self": 33.2066802000004
                                                        },
                                                        "steps_from_proto": {
                                                            "total": 4.15755300000003,
                                                            "count": 12000,
                                                            "is_parallel": true,
                                                            "self": 2.638777899999859,
                                                            "children": {
                                                                "_process_rank_one_or_two_observation": {
                                                                    "total": 1.5187751000001715,
                                                                    "count": 24000,
                                                                    "is_parallel": true,
                                                                    "self": 1.5187751000001715
                                                                }
                                                            }
                                                        }
                                                    }
                                                }
                                            }
                                        }
                                    }
                                }
                            }
                        },
                        "trainer_advance": {
                            "total": 11.142885099999265,
                            "count": 12000,
                            "self": 0.31159349999897223,
                            "children": {
                                "process_trajectory": {
                                    "total": 8.57530100000029,
                                    "count": 12000,
                                    "self": 8.57530100000029
                                },
                                "_update_policy": {
                                    "total": 2.255990600000004,