{
    "name": "root",
    "metadata": {
        "timer_format_version": "0.1.0",
        "start_time_seconds": "1683539207",
        "python_version": "3.7.13 (default, Mar 28 2022, 08:03:21) [MSC v.1916 64 bit (AMD64)]",
        "command_line_arguments": "C:\\Users\\udvar\\anaconda3\\envs\\20221009env\\Scripts\\mlagents-learn --run-id=202305081146",
        "mlagents_version": "0.28.0",
        "mlagents_envs_version": "0.28.0",
        "communication_protocol_version": "1.5.0",
        "pytorch_version": "1.7.1+cu110",
        "numpy_version": "1.21.6",
        "end_time_seconds": "1683539555"
    },
    "total": 348.4712972,
    "count": 1,
    "self": 0.009093699999993987,
    "children": {
        "run_training.setup": {
            "total": 0.15284169999999975,
            "count": 1,
            "self": 0.15284169999999975
        },
        "TrainerController.start_learning": {
            "total": 348.3093618,
            "count": 1,
            "self": 1.0668611000008923,
            "children": {
                "TrainerController._reset_env": {
                    "total": 19.8917009,
                    "count": 1,
                    "self": 19.8917009
                },
                "TrainerController.advance": {
                    "total": 327.2536861999991,
                    "count": 42551,
                    "self": 1.02876939999652,
                    "children": {
                        "env_step": {
                            "total": 301.13310970000146,
                            "count": 42551,
                            "self": 252.6406115000022,
                            "children": {
                                "SubprocessEnvManager._take_step": {
                                    "total": 47.87411780000055,
                                    "count": 42551,
                                    "self": 2.4560405000021177,
                                    "children": {
                                        "TorchPolicy.evaluate": {
                                            "total": 45.41807729999843,
                                            "count": 42551,
                                            "self": 11.907440399997235,
                                            "children": {
                                                "TorchPolicy.sample_actions": {
                                                    "total": 33.510636900001195,
                                                    "count": 42551,
                                                    "self": 33.510636900001195
                                                }
                                            }
                                        }
                                    }
                                },
                                "workers": {
                                    "total": 0.6183803999986992,
                                    "count": 42550,
                                    "self": 0.0,
                                    "children": {
                                        "worker_root": {
                                            "total": 266.0306557999943,
                                            "count": 42550,
                                            "is_parallel": true,
                                            "self": 122.02162729999353,
                                            "children": {
                                                "steps_from_proto": {
                                                    "total": 0.000514000000002568,
                                                    "count": 1,
                                                    "is_parallel": true,
                                                    "self": 0.000297100000004491,
                                                    "children": {
                                                        "_process_rank_one_or_two_observation": {
                                                            "total": 0.00021689999999807696,
                                                            "count": 2,
                                                            "is_parallel": true,
                                                            "self": 0.00021689999999807696
                                                        }
                                                    }
                                                },
                                                "UnityEnvironment.step": {
                                                    "total": 144.00851450000076,
                                                    "count": 42550,
                                                    "is_parallel": true,
                                                    "self": 4.305886700004578,
                                                    "children": {
                                                        "UnityEnvironment._generate_step_input": {
                                                            "total": 3.613601700000192,
                                                            "count": 42550,
                                                            "is_parallel": true,
                                                            "self": 3.613601700000192
                                                        },
                                                        "communicator.exchange": {
                                                            "total": 122.34062489999621,
                                                            "count": 42550,
                                                            "is_parallel": true,
                                                            "self": 122.34062489999621
                                                        },
                                                        "steps_from_proto": {
                                                            "total": 13.748401199999787,
                                                            "count": 42550,
                                                            "is_parallel": true,
                                                            "self": 8.874969099997632,
                                                            "children": {
                                                                "_process_rank_one_or_two_observation": {
                                                                    "total": 4.873432100002155,
                                                                    "count": 85100,
                                                                    "is_parallel": true,
                                                                    "self": 4.873432100002155
                                                                }
                                                            }
                                                        }
                                                    }
                                                }
                                            }
                                        }
                                    }
                                }
                            }
                        },
                        "trainer_advance": {
                            "total": 25.091807100001127,
                            "count": 42550,
                            "self": 1.1882322000005274,
                            "children": {
                                "process_trajectory": {
                                    "total": 13.975251400000623,
                                    "count": 42550,
                                    "self": 13.975251400000623
                                },
                                "_update_policy": {
                                    "total": 9.928323499999976,