{
    "name": "root",
    "metadata": {
        "timer_format_version": "0.1.0",
        "start_time_seconds": "1669978933",
        "python_version": "3.7.13 (default, Mar 28 2022, 08:03:21) [MSC v.1916 64 bit (AMD64)]",
        "command_line_arguments": "C:\\Users\\udvar\\anaconda3\\envs\\20221009env\\Scripts\\mlagents-learn --run-id=202212021202",
        "mlagents_version": "0.28.0",
        "mlagents_envs_version": "0.28.0",
        "communication_protocol_version": "1.5.0",
        "pytorch_version": "1.7.1+cu110",
        "numpy_version": "1.21.6",
        "end_time_seconds": "1669979080"
    },
    "total": 147.4763192,
    "count": 1,
    "self": 0.008005200000013701,
    "children": {
        "run_training.setup": {
            "total": 0.18664080000000016,
            "count": 1,
            "self": 0.18664080000000016
        },
        "TrainerController.start_learning": {
            "total": 147.2816732,
            "count": 1,
            "self": 0.08367950000027236,
            "children": {
                "TrainerController._reset_env": {
                    "total": 48.384453400000005,
                    "count": 1,
                    "self": 48.384453400000005
                },
                "TrainerController.advance": {
                    "total": 98.65180429999971,
                    "count": 3067,
                    "self": 0.08331510000020614,
                    "children": {
                        "env_step": {
                            "total": 94.05868609999979,
                            "count": 3067,
                            "self": 90.42565950000036,
                            "children": {
                                "SubprocessEnvManager._take_step": {
                                    "total": 3.5878077999996805,
                                    "count": 3067,
                                    "self": 0.19664609999997396,
                                    "children": {
                                        "TorchPolicy.evaluate": {
                                            "total": 3.3911616999997065,
                                            "count": 3067,
                                            "self": 0.8644297000001089,
                                            "children": {
                                                "TorchPolicy.sample_actions": {
                                                    "total": 2.5267319999995976,
                                                    "count": 3067,
                                                    "self": 2.5267319999995976
                                                }
                                            }
                                        }
                                    }
                                },
                                "workers": {
                                    "total": 0.045218799999744874,
                                    "count": 3066,
                                    "self": 0.0,
                                    "children": {
                                        "worker_root": {
                                            "total": 29.53295910000009,
                                            "count": 3066,
                                            "is_parallel": true,
                                            "self": 17.019988300000094,
                                            "children": {
                                                "steps_from_proto": {
                                                    "total": 0.005088100000001816,
                                                    "count": 1,
                                                    "is_parallel": true,
                                                    "self": 0.001687499999995623,
                                                    "children": {
                                                        "_process_rank_one_or_two_observation": {
                                                            "total": 0.003400600000006193,
                                                            "count": 2,
                                                            "is_parallel": true,
                                                            "self": 0.003400600000006193
                                                        }
                                                    }
                                                },
                                                "UnityEnvironment.step": {
                                                    "total": 12.507882699999996,
                                                    "count": 3066,
                                                    "is_parallel": true,
                                                    "self": 0.3185417000001749,
                                                    "children": {
                                                        "UnityEnvironment._generate_step_input": {
                                                            "total": 0.29487890000004313,
                                                            "count": 3066,
                                                            "is_parallel": true,
                                                            "self": 0.29487890000004313
                                                        },
                                                        "communicator.exchange": {
                                                            "total": 10.759551899999863,
                                                            "count": 3066,
                                                            "is_parallel": true,
                                                            "self": 10.759551899999863
                                                        },
                                                        "steps_from_proto": {
                                                            "total": 1.134910199999915,
                                                            "count": 3066,
                                                            "is_parallel": true,
                                                            "self": 0.7068768999996422,
                                                            "children": {
                                                                "_process_rank_one_or_two_observation": {
                                                                    "total": 0.42803330000027273,
                                                                    "count": 6132,
                                                                    "is_parallel": true,
                                                                    "self": 0.42803330000027273
                                                                }
                                                            }
                                                        }
                                                    }
                                                }
                                            }
                                        }
                                    }
                                }
                            }
                        },
                        "trainer_advance": {
                            "total": 4.509803099999708,
                            "count": 3066,
                            "self": 0.0867910999987842,
                            "children": {
                                "process_trajectory": {
                                    "total": 4.423012000000924,
                                    "count": 3066,
                                    "self": 4.423012000000924
                                }
                            }
                        }
                    }
                },