{
    "name": "root",
    "metadata": {
        "timer_format_version": "0.1.0",
        "start_time_seconds": "1683539055",
        "python_version": "3.7.13 (default, Mar 28 2022, 08:03:21) [MSC v.1916 64 bit (AMD64)]",
        "command_line_arguments": "C:\\Users\\udvar\\anaconda3\\envs\\20221009env\\Scripts\\mlagents-learn --run-id=202305081143",
        "mlagents_version": "0.28.0",
        "mlagents_envs_version": "0.28.0",
        "communication_protocol_version": "1.5.0",
        "pytorch_version": "1.7.1+cu110",
        "numpy_version": "1.21.6",
        "end_time_seconds": "1683539195"
    },
    "total": 140.02252539999998,
    "count": 1,
    "self": 0.007720799999958672,
    "children": {
        "run_training.setup": {
            "total": 0.16408920000000027,
            "count": 1,
            "self": 0.16408920000000027
        },
        "TrainerController.start_learning": {
            "total": 139.8507154,
            "count": 1,
            "self": 0.015580200000073319,
            "children": {
                "TrainerController._reset_env": {
                    "total": 17.4568291,
                    "count": 1,
                    "self": 17.4568291
                },
                "TrainerController.advance": {
                    "total": 122.28896789999993,
                    "count": 634,
                    "self": 0.01475339999981884,
                    "children": {
                        "env_step": {
                            "total": 122.04972960000003,
                            "count": 634,
                            "self": 121.3466268,
                            "children": {
                                "SubprocessEnvManager._take_step": {
                                    "total": 0.6943563000000523,
                                    "count": 634,
                                    "self": 0.03580740000003857,
                                    "children": {
                                        "TorchPolicy.evaluate": {
                                            "total": 0.6585489000000138,
                                            "count": 634,
                                            "self": 0.17496650000000002,
                                            "children": {
                                                "TorchPolicy.sample_actions": {
                                                    "total": 0.48358240000001373,
                                                    "count": 634,
                                                    "self": 0.48358240000001373
                                                }
                                            }
                                        }
                                    }
                                },
                                "workers": {
                                    "total": 0.008746499999993773,
                                    "count": 633,
                                    "self": 0.0,
                                    "children": {
                                        "worker_root": {
                                            "total": 7.73907220000001,
                                            "count": 633,
                                            "is_parallel": true,
                                            "self": 4.621873700000071,
                                            "children": {
                                                "steps_from_proto": {
                                                    "total": 0.0005620000000003955,
                                                    "count": 1,
                                                    "is_parallel": true,
                                                    "self": 0.00032709999999980255,
                                                    "children": {
                                                        "_process_rank_one_or_two_observation": {
                                                            "total": 0.00023490000000059297,
                                                            "count": 2,
                                                            "is_parallel": true,
                                                            "self": 0.00023490000000059297
                                                        }
                                                    }
                                                },
                                                "UnityEnvironment.step": {
                                                    "total": 3.116636499999938,
                                                    "count": 633,
                                                    "is_parallel": true,
                                                    "self": 0.05726679999985862,
                                                    "children": {
                                                        "UnityEnvironment._generate_step_input": {
                                                            "total": 0.0466876999999819,
                                                            "count": 633,
                                                            "is_parallel": true,
                                                            "self": 0.0466876999999819
                                                        },
                                                        "communicator.exchange": {
                                                            "total": 2.811490800000044,
                                                            "count": 633,
                                                            "is_parallel": true,
                                                            "self": 2.811490800000044
                                                        },
                                                        "steps_from_proto": {
                                                            "total": 0.20119120000005353,
                                                            "count": 633,
                                                            "is_parallel": true,
                                                            "self": 0.13003000000009735,
                                                            "children": {
                                                                "_process_rank_one_or_two_observation": {
                                                                    "total": 0.07116119999995618,
                                                                    "count": 1266,
                                                                    "is_parallel": true,
                                                                    "self": 0.07116119999995618
                                                                }
                                                            }
                                                        }
                                                    }
                                                }
                                            }
                                        }
                                    }
                                }
                            }
                        },
                        "trainer_advance": {
                            "total": 0.22448490000008547,
                            "count": 633,
                            "self": 0.01728740000014639,
                            "children": {
                                "process_trajectory": {
                                    "total": 0.20719749999993908,
                                    "count": 633,
                                    "self": 0.20719749999993908
                                }
                            }
                        }
                    }
                },