{
    "name": "root",
    "metadata": {
        "timer_format_version": "0.1.0",
        "start_time_seconds": "1684782969",
        "python_version": "3.7.13 (default, Mar 28 2022, 08:03:21) [MSC v.1916 64 bit (AMD64)]",
        "command_line_arguments": "C:\\Users\\udvar\\anaconda3\\envs\\20221009env\\Scripts\\mlagents-learn --run-id=202305222116",
        "mlagents_version": "0.28.0",
        "mlagents_envs_version": "0.28.0",
        "communication_protocol_version": "1.5.0",
        "pytorch_version": "1.7.1+cu110",
        "numpy_version": "1.21.6",
        "end_time_seconds": "1684783063"
    },
    "total": 93.47333119999999,
    "count": 1,
    "self": 0.007490099999984068,
    "children": {
        "run_training.setup": {
            "total": 0.1471089000000001,
            "count": 1,
            "self": 0.1471089000000001
        },
        "TrainerController.start_learning": {
            "total": 93.3187322,
            "count": 1,
            "self": 0.07646589999993125,
            "children": {
                "TrainerController._reset_env": {
                    "total": 10.429003,
                    "count": 1,
                    "self": 10.429003
                },
                "TrainerController.advance": {
                    "total": 82.72469470000007,
                    "count": 3117,
                    "self": 0.07574640000018462,
                    "children": {
                        "env_step": {
                            "total": 80.34539800000005,
                            "count": 3117,
                            "self": 76.99235159999984,
                            "children": {
                                "SubprocessEnvManager._take_step": {
                                    "total": 3.310806400000123,
                                    "count": 3117,
                                    "self": 0.1687057000001584,
                                    "children": {
                                        "TorchPolicy.evaluate": {
                                            "total": 3.1421006999999648,
                                            "count": 3117,
                                            "self": 0.7940304999999679,
                                            "children": {
                                                "TorchPolicy.sample_actions": {
                                                    "total": 2.348070199999997,
                                                    "count": 3117,
                                                    "self": 2.348070199999997
                                                }
                                            }
                                        }
                                    }
                                },
                                "workers": {
                                    "total": 0.04224000000007955,
                                    "count": 3116,
                                    "self": 0.0,
                                    "children": {
                                        "worker_root": {
                                            "total": 21.39836689999993,
                                            "count": 3116,
                                            "is_parallel": true,
                                            "self": 11.559311299999838,
                                            "children": {
                                                "steps_from_proto": {
                                                    "total": 0.0005492000000000274,
                                                    "count": 1,
                                                    "is_parallel": true,
                                                    "self": 0.0003415999999996089,
                                                    "children": {
                                                        "_process_rank_one_or_two_observation": {
                                                            "total": 0.00020760000000041856,
                                                            "count": 2,
                                                            "is_parallel": true,
                                                            "self": 0.00020760000000041856
                                                        }
                                                    }
                                                },
                                                "UnityEnvironment.step": {
                                                    "total": 9.838506400000094,
                                                    "count": 3116,
                                                    "is_parallel": true,
                                                    "self": 0.2811040000000702,
                                                    "children": {
                                                        "UnityEnvironment._generate_step_input": {
                                                            "total": 0.22305479999998212,
                                                            "count": 3116,
                                                            "is_parallel": true,
                                                            "self": 0.22305479999998212
                                                        },
                                                        "communicator.exchange": {
                                                            "total": 8.250110200000002,
                                                            "count": 3116,
                                                            "is_parallel": true,
                                                            "self": 8.250110200000002
                                                        },
                                                        "steps_from_proto": {
                                                            "total": 1.08423740000004,
                                                            "count": 3116,
                                                            "is_parallel": true,
                                                            "self": 0.6956680000000155,
                                                            "children": {
                                                                "_process_rank_one_or_two_observation": {
                                                                    "total": 0.3885694000000246,
                                                                    "count": 6232,
                                                                    "is_parallel": true,
                                                                    "self": 0.3885694000000246
                                                                }
                                                            }
                                                        }
                                                    }
                                                }
                                            }
                                        }
                                    }
                                }
                            }
                        },
                        "trainer_advance": {
                            "total": 2.303550299999838,
                            "count": 3116,
                            "self": 0.08029309999993295,
                            "children": {
                                "process_trajectory": {
                                    "total": 2.223257199999905,
                                    "count": 3116,
                                    "self": 2.223257199999905
                                }
                            }
                        }
                    }
                },