{
    "name": "root",
    "metadata": {
        "timer_format_version": "0.1.0",
        "start_time_seconds": "1683118148",
        "python_version": "3.7.13 (default, Mar 28 2022, 08:03:21) [MSC v.1916 64 bit (AMD64)]",
        "command_line_arguments": "C:\\Users\\udvar\\anaconda3\\envs\\20221009env\\Scripts\\mlagents-learn --run-id=202305031449",
        "mlagents_version": "0.28.0",
        "mlagents_envs_version": "0.28.0",
        "communication_protocol_version": "1.5.0",
        "pytorch_version": "1.7.1+cu110",
        "numpy_version": "1.21.6",
        "end_time_seconds": "1683118348"
    },
    "total": 199.2425169,
    "count": 1,
    "self": 0.0070653000000220345,
    "children": {
        "run_training.setup": {
            "total": 0.14107039999999982,
            "count": 1,
            "self": 0.14107039999999982
        },
        "TrainerController.start_learning": {
            "total": 199.0943812,
            "count": 1,
            "self": 0.4026771000010001,
            "children": {
                "TrainerController._reset_env": {
                    "total": 14.908163800000002,
                    "count": 1,
                    "self": 14.908163800000002
                },
                "TrainerController.advance": {
                    "total": 183.68321809999898,
                    "count": 16184,
                    "self": 0.4236968999969406,
                    "children": {
                        "env_step": {
                            "total": 173.87809390000044,
                            "count": 16184,
                            "self": 155.1768165999995,
                            "children": {
                                "SubprocessEnvManager._take_step": {
                                    "total": 18.448124999999283,
                                    "count": 16185,
                                    "self": 0.9588601999980639,
                                    "children": {
                                        "TorchPolicy.evaluate": {
                                            "total": 17.48926480000122,
                                            "count": 16185,
                                            "self": 4.649692600001977,
                                            "children": {
                                                "TorchPolicy.sample_actions": {
                                                    "total": 12.839572199999242,
                                                    "count": 16185,
                                                    "self": 12.839572199999242
                                                }
                                            }
                                        }
                                    }
                                },
                                "workers": {
                                    "total": 0.25315230000164846,
                                    "count": 16183,
                                    "self": 0.0,
                                    "children": {
                                        "worker_root": {
                                            "total": 114.11233790000001,
                                            "count": 16183,
                                            "is_parallel": true,
                                            "self": 47.6952100000006,
                                            "children": {
                                                "steps_from_proto": {
                                                    "total": 0.0010017000000006604,
                                                    "count": 2,
                                                    "is_parallel": true,
                                                    "self": 0.0005791000000003876,
                                                    "children": {
                                                        "_process_rank_one_or_two_observation": {
                                                            "total": 0.00042260000000027276,
                                                            "count": 4,
                                                            "is_parallel": true,
                                                            "self": 0.00042260000000027276
                                                        }
                                                    }
                                                },
                                                "UnityEnvironment.step": {
                                                    "total": 66.41612619999941,
                                                    "count": 16183,
                                                    "is_parallel": true,
                                                    "self": 1.4784910000010285,
                                                    "children": {
                                                        "UnityEnvironment._generate_step_input": {
                                                            "total": 1.1931238999997973,
                                                            "count": 16183,
                                                            "is_parallel": true,
                                                            "self": 1.1931238999997973
                                                        },
                                                        "communicator.exchange": {
                                                            "total": 58.26989199999965,
                                                            "count": 16183,
                                                            "is_parallel": true,
                                                            "self": 58.26989199999965
                                                        },
                                                        "steps_from_proto": {
                                                            "total": 5.474619299998936,
                                                            "count": 16183,
                                                            "is_parallel": true,
                                                            "self": 3.5726143999990336,
                                                            "children": {
                                                                "_process_rank_one_or_two_observation": {
                                                                    "total": 1.902004899999902,
                                                                    "count": 32366,
                                                                    "is_parallel": true,
                                                                    "self": 1.902004899999902
                                                                }
                                                            }
                                                        }
                                                    }
                                                }
                                            }
                                        }
                                    }
                                }
                            }
                        },
                        "trainer_advance": {
                            "total": 9.381427300001612,
                            "count": 16183,
                            "self": 0.46521120000296534,
                            "children": {
                                "process_trajectory": {
                                    "total": 6.676330099998648,
                                    "count": 16183,
                                    "self": 6.676330099998648
                                },
                                "_update_policy": {
                                    "total": 2.2398859999999985,