{
    "name": "root",
    "metadata": {
        "timer_format_version": "0.1.0",
        "start_time_seconds": "1667378362",
        "python_version": "3.7.13 (default, Mar 28 2022, 08:03:21) [MSC v.1916 64 bit (AMD64)]",
        "command_line_arguments": "C:\\Users\\udvar\\anaconda3\\envs\\20221009env\\Scripts\\mlagents-learn --run-id=11020939",
        "mlagents_version": "0.28.0",
        "mlagents_envs_version": "0.28.0",
        "communication_protocol_version": "1.5.0",
        "pytorch_version": "1.7.1+cu110",
        "numpy_version": "1.21.6",
        "end_time_seconds": "1667378451"
    },
    "total": 88.2845695,
    "count": 1,
    "self": 0.007144800000006057,
    "children": {
        "run_training.setup": {
            "total": 0.1323759,
            "count": 1,
            "self": 0.1323759
        },
        "TrainerController.start_learning": {
            "total": 88.1450488,
            "count": 1,
            "self": 0.04633999999994387,
            "children": {
                "TrainerController._reset_env": {
                    "total": 11.082665800000001,
                    "count": 1,
                    "self": 11.082665800000001
                },
                "TrainerController.advance": {
                    "total": 76.90398850000005,
                    "count": 1734,
                    "self": 0.04306620000005523,
                    "children": {
                        "env_step": {
                            "total": 74.40776440000005,
                            "count": 1734,
                            "self": 72.65745710000013,
                            "children": {
                                "SubprocessEnvManager._take_step": {
                                    "total": 1.7269488000000042,
                                    "count": 1734,
                                    "self": 0.09632110000001148,
                                    "children": {
                                        "TorchPolicy.evaluate": {
                                            "total": 1.6306276999999927,
                                            "count": 1734,
                                            "self": 0.4125776999999804,
                                            "children": {
                                                "TorchPolicy.sample_actions": {
                                                    "total": 1.2180500000000123,
                                                    "count": 1734,
                                                    "self": 1.2180500000000123
                                                }
                                            }
                                        }
                                    }
                                },
                                "workers": {
                                    "total": 0.023358499999908133,
                                    "count": 1733,
                                    "self": 0.0,
                                    "children": {
                                        "worker_root": {
                                            "total": 15.76561429999996,
                                            "count": 1733,
                                            "is_parallel": true,
                                            "self": 8.996972899999962,
                                            "children": {
                                                "steps_from_proto": {
                                                    "total": 0.0005865999999983273,
                                                    "count": 1,
                                                    "is_parallel": true,
                                                    "self": 0.00035989999999941347,
                                                    "children": {
                                                        "_process_rank_one_or_two_observation": {
                                                            "total": 0.00022669999999891388,
                                                            "count": 2,
                                                            "is_parallel": true,
                                                            "self": 0.00022669999999891388
                                                        }
                                                    }
                                                },
                                                "UnityEnvironment.step": {
                                                    "total": 6.7680548,
                                                    "count": 1733,
                                                    "is_parallel": true,
                                                    "self": 0.16819129999996285,
                                                    "children": {
                                                        "UnityEnvironment._generate_step_input": {
                                                            "total": 0.13302650000004768,
                                                            "count": 1733,
                                                            "is_parallel": true,
                                                            "self": 0.13302650000004768
                                                        },
                                                        "communicator.exchange": {
                                                            "total": 5.820084899999996,
                                                            "count": 1733,
                                                            "is_parallel": true,
                                                            "self": 5.820084899999996
                                                        },
                                                        "steps_from_proto": {
                                                            "total": 0.6467520999999934,
                                                            "count": 1733,
                                                            "is_parallel": true,
                                                            "self": 0.3927568000001269,
                                                            "children": {
                                                                "_process_rank_one_or_two_observation": {
                                                                    "total": 0.2539952999998665,
                                                                    "count": 3466,
                                                                    "is_parallel": true,
                                                                    "self": 0.2539952999998665
                                                                }
                                                            }
                                                        }
                                                    }
                                                }
                                            }
                                        }
                                    }
                                }
                            }
                        },
                        "trainer_advance": {
                            "total": 2.453157899999951,
                            "count": 1733,
                            "self": 0.04313079999996816,
                            "children": {
                                "process_trajectory": {
                                    "total": 2.410027099999983,
                                    "count": 1733,
                                    "self": 2.410027099999983
                                }
                            }
                        }
                    }
                },