{
    "name": "root",
    "metadata": {
        "timer_format_version": "0.1.0",
        "start_time_seconds": "1667559192",
        "python_version": "3.7.13 (default, Mar 28 2022, 08:03:21) [MSC v.1916 64 bit (AMD64)]",
        "command_line_arguments": "C:\\Users\\udvar\\anaconda3\\envs\\20221009env\\Scripts\\mlagents-learn --run-id=20221104",
        "mlagents_version": "0.28.0",
        "mlagents_envs_version": "0.28.0",
        "communication_protocol_version": "1.5.0",
        "pytorch_version": "1.7.1+cu110",
        "numpy_version": "1.21.6",
        "end_time_seconds": "1667559274"
    },
    "total": 81.62764229999999,
    "count": 1,
    "self": 0.007540399999996339,
    "children": {
        "run_training.setup": {
            "total": 0.14204240000000024,
            "count": 1,
            "self": 0.14204240000000024
        },
        "TrainerController.start_learning": {
            "total": 81.4780595,
            "count": 1,
            "self": 0.011085299999990639,
            "children": {
                "TrainerController._reset_env": {
                    "total": 13.760601399999999,
                    "count": 1,
                    "self": 13.760601399999999
                },
                "TrainerController.advance": {
                    "total": 67.59220900000001,
                    "count": 434,
                    "self": 0.010781799999961095,
                    "children": {
                        "env_step": {
                            "total": 66.99639260000004,
                            "count": 434,
                            "self": 66.53103489999995,
                            "children": {
                                "SubprocessEnvManager._take_step": {
                                    "total": 0.45975750000001625,
                                    "count": 434,
                                    "self": 0.023110000000048814,
                                    "children": {
                                        "TorchPolicy.evaluate": {
                                            "total": 0.43664749999996744,
                                            "count": 434,
                                            "self": 0.10214979999998874,
                                            "children": {
                                                "TorchPolicy.sample_actions": {
                                                    "total": 0.3344976999999787,
                                                    "count": 434,
                                                    "self": 0.3344976999999787
                                                }
                                            }
                                        }
                                    }
                                },
                                "workers": {
                                    "total": 0.005600200000063893,
                                    "count": 433,
                                    "self": 0.0,
                                    "children": {
                                        "worker_root": {
                                            "total": 8.769348599999988,
                                            "count": 433,
                                            "is_parallel": true,
                                            "self": 6.433223899999987,
                                            "children": {
                                                "steps_from_proto": {
                                                    "total": 0.0013280999999985,
                                                    "count": 1,
                                                    "is_parallel": true,
                                                    "self": 0.0003604999999993197,
                                                    "children": {
                                                        "_process_rank_one_or_two_observation": {
                                                            "total": 0.0009675999999991802,
                                                            "count": 2,
                                                            "is_parallel": true,
                                                            "self": 0.0009675999999991802
                                                        }
                                                    }
                                                },
                                                "UnityEnvironment.step": {
                                                    "total": 2.3347966000000024,
                                                    "count": 433,
                                                    "is_parallel": true,
                                                    "self": 0.04124959999994715,
                                                    "children": {
                                                        "UnityEnvironment._generate_step_input": {
                                                            "total": 0.03209880000003196,
                                                            "count": 433,
                                                            "is_parallel": true,
                                                            "self": 0.03209880000003196
                                                        },
                                                        "communicator.exchange": {
                                                            "total": 2.0971030000000095,
                                                            "count": 433,
                                                            "is_parallel": true,
                                                            "self": 2.0971030000000095
                                                        },
                                                        "steps_from_proto": {
                                                            "total": 0.16434520000001385,
                                                            "count": 433,
                                                            "is_parallel": true,
                                                            "self": 0.0995717000000198,
                                                            "children": {
                                                                "_process_rank_one_or_two_observation": {
                                                                    "total": 0.06477349999999404,
                                                                    "count": 866,
                                                                    "is_parallel": true,
                                                                    "self": 0.06477349999999404
                                                                }
                                                            }
                                                        }
                                                    }
                                                }
                                            }
                                        }
                                    }
                                }
                            }
                        },
                        "trainer_advance": {
                            "total": 0.5850346000000108,
                            "count": 433,
                            "self": 0.0101270999999592,
                            "children": {
                                "process_trajectory": {
                                    "total": 0.5749075000000516,
                                    "count": 433,
                                    "self": 0.5749075000000516
                                }
                            }
                        }
                    }
                },