{
    "name": "root",
    "gauges": {
        "MyBehavior.Policy.Entropy.mean": {
            "value": 3.5440807342529297,
            "min": 3.5440807342529297,
            "max": 3.5440807342529297,
            "count": 1
        },
        "MyBehavior.Policy.Entropy.sum": {
            "value": 177235.9375,
            "min": 177235.9375,
            "max": 177235.9375,
            "count": 1
        },
        "MyBehavior.Environment.EpisodeLength.mean": {
            "value": 7.643104044244729,
            "min": 7.643104044244729,
            "max": 7.643104044244729,
            "count": 1
        },
        "MyBehavior.Environment.EpisodeLength.sum": {
            "value": 44223.0,
            "min": 44223.0,
            "max": 44223.0,
            "count": 1
        },
        "MyBehavior.Step.mean": {
            "value": 49999.0,
            "min": 49999.0,
            "max": 49999.0,
            "count": 1
        },
        "MyBehavior.Step.sum": {
            "value": 49999.0,
            "min": 49999.0,
            "max": 49999.0,
            "count": 1
        },
        "MyBehavior.Policy.ExtrinsicValueEstimate.mean": {
            "value": 2.481698751449585,
            "min": 2.481698751449585,
            "max": 2.481698751449585,
            "count": 1
        },
        "MyBehavior.Policy.ExtrinsicValueEstimate.sum": {
            "value": 14356.626953125,
            "min": 14356.626953125,
            "max": 14356.626953125,
            "count": 1
        },
        "MyBehavior.Environment.CumulativeReward.mean": {
            "value": 0.0,
            "min": 0.0,
            "max": 0.0,
            "count": 1
        },
        "MyBehavior.Environment.CumulativeReward.sum": {
            "value": 0.0,
            "min": 0.0,
            "max": 0.0,
            "count": 1
        },
        "MyBehavior.Policy.ExtrinsicReward.mean": {
            "value": 0.0,
            "min": 0.0,
            "max": 0.0,
            "count": 1
        },
        "MyBehavior.Policy.ExtrinsicReward.sum": {
            "value": 0.0,
            "min": 0.0,
            "max": 0.0,
            "count": 1
        },
        "MyBehavior.Losses.PolicyLoss.mean": {
            "value": 0.02430318508122582,
            "min": 0.02430318508122582,
            "max": 0.02430318508122582,
            "count": 1
        },
        "MyBehavior.Losses.PolicyLoss.sum": {
            "value": 0.09721274032490328,
            "min": 0.09721274032490328,
            "max": 0.09721274032490328,
            "count": 1
        },
        "MyBehavior.Losses.ValueLoss.mean": {
            "value": 0.019904171430971472,
            "min": 0.019904171430971472,
            "max": 0.019904171430971472,
            "count": 1
        },
        "MyBehavior.Losses.ValueLoss.sum": {
            "value": 0.07961668572388589,
            "min": 0.07961668572388589,
            "max": 0.07961668572388589,
            "count": 1
        },
        "MyBehavior.Policy.LearningRate.mean": {
            "value": 0.0002846358051214,
            "min": 0.0002846358051214,
            "max": 0.0002846358051214,
            "count": 1
        },
        "MyBehavior.Policy.LearningRate.sum": {
            "value": 0.0011385432204856,
            "min": 0.0011385432204856,
            "max": 0.0011385432204856,
            "count": 1
        },
        "MyBehavior.Policy.Epsilon.mean": {
            "value": 0.19487860000000007,
            "min": 0.19487860000000007,
            "max": 0.19487860000000007,
            "count": 1
        },
        "MyBehavior.Policy.Epsilon.sum": {
            "value": 0.7795144000000003,
            "min": 0.7795144000000003,
            "max": 0.7795144000000003,
            "count": 1
        },
        "MyBehavior.Policy.Beta.mean": {
            "value": 0.004744442139999999,
            "min": 0.004744442139999999,
            "max": 0.004744442139999999,
            "count": 1
        },
        "MyBehavior.Policy.Beta.sum": {
            "value": 0.018977768559999997,
            "min": 0.018977768559999997,
            "max": 0.018977768559999997,
            "count": 1
        },
        "MyBehavior.IsTraining.mean": {
            "value": 1.0,
            "min": 1.0,
            "max": 1.0,
            "count": 1
        },
        "MyBehavior.IsTraining.sum": {
            "value": 1.0,
            "min": 1.0,
            "max": 1.0,
            "count": 1
        }
    },
    "metadata": {
        "timer_format_version": "0.1.0",
        "start_time_seconds": "1684323736",
        "python_version": "3.7.13 (default, Mar 28 2022, 08:03:21) [MSC v.1916 64 bit (AMD64)]",
        "command_line_arguments": "C:\\Users\\udvar\\anaconda3\\envs\\20221009env\\Scripts\\mlagents-learn --run-id=202305171342",
        "mlagents_version": "0.28.0",
        "mlagents_envs_version": "0.28.0",
        "communication_protocol_version": "1.5.0",
        "pytorch_version": "1.7.1+cu110",
        "numpy_version": "1.21.6",
        "end_time_seconds": "1684324157"
    },
    "total": 420.5607093,
    "count": 1,
    "self": 0.007740399999988767,
    "children": {
        "run_training.setup": {
            "total": 0.13335760000000008,
            "count": 1,
            "self": 0.13335760000000008
        },
        "TrainerController.start_learning": {
            "total": 420.4196113,
            "count": 1,
            "self": 1.518600400000139,
            "children": {
                "TrainerController._reset_env": {
                    "total": 15.017946299999998,
                    "count": 1,
                    "self": 15.017946299999998
                },
                "TrainerController.advance": {
                    "total": 403.78839449999987,
                    "count": 64634,
                    "self": 1.5412994000013782,
                    "children": {
                        "env_step": {
                            "total": 373.17072349999853,
                            "count": 64634,
                            "self": 302.72925960000174,
                            "children": {
                                "SubprocessEnvManager._take_step": {
                                    "total": 69.51715459999848,
                                    "count": 64634,
                                    "self": 3.5589052999983863,
                                    "children": {
                                        "TorchPolicy.evaluate": {
                                            "total": 65.95824930000009,
                                            "count": 64634,
                                            "self": 17.4327867999921,
                                            "children": {
                                                "TorchPolicy.sample_actions": {
                                                    "total": 48.52546250000799,
                                                    "count": 64634,
                                                    "self": 48.52546250000799
                                                }
                                            }
                                        }
                                    }
                                },
                                "workers": {
                                    "total": 0.9243092999983169,
                                    "count": 64633,
                                    "self": 0.0,
                                    "children": {
                                        "worker_root": {
                                            "total": 342.78588240000204,
                                            "count": 64633,
                                            "is_parallel": true,
                                            "self": 164.45947430000413,