{
    "name": "root",
    "metadata": {
        "timer_format_version": "0.1.0",
        "start_time_seconds": "1683008930",
        "python_version": "3.7.13 (default, Mar 28 2022, 08:03:21) [MSC v.1916 64 bit (AMD64)]",
        "command_line_arguments": "C:\\Users\\udvar\\anaconda3\\envs\\20221009env\\Scripts\\mlagents-learn --run-id=202305020825 --train",
        "mlagents_version": "0.28.0",
        "mlagents_envs_version": "0.28.0",
        "communication_protocol_version": "1.5.0",
        "pytorch_version": "1.7.1+cu110",
        "numpy_version": "1.21.6",
        "end_time_seconds": "1683009130"
    },
    "total": 199.8280019,
    "count": 1,
    "self": 0.006978700000018989,
    "children": {
        "run_training.setup": {
            "total": 0.15447919999999726,
            "count": 1,
            "self": 0.15447919999999726
        },
        "TrainerController.start_learning": {
            "total": 199.666544,
            "count": 1,
            "self": 0.30296699999860266,
            "children": {
                "TrainerController._reset_env": {
                    "total": 11.54420349999998,
                    "count": 1,
                    "self": 11.54420349999998
                },
                "TrainerController.advance": {
                    "total": 187.70552820000137,
                    "count": 12051,
                    "self": 0.3084404000025245,
                    "children": {
                        "env_step": {
                            "total": 159.2788439999988,
                            "count": 12051,
                            "self": 146.32639319999427,
                            "children": {
                                "SubprocessEnvManager._take_step": {
                                    "total": 12.782655800003596,
                                    "count": 12051,
                                    "self": 0.6688995000017712,
                                    "children": {
                                        "TorchPolicy.evaluate": {
                                            "total": 12.113756300001825,
                                            "count": 12051,
                                            "self": 3.045121500002523,
                                            "children": {
                                                "TorchPolicy.sample_actions": {
                                                    "total": 9.068634799999302,
                                                    "count": 12051,
                                                    "self": 9.068634799999302
                                                }
                                            }
                                        }
                                    }
                                },
                                "workers": {
                                    "total": 0.1697950000009314,
                                    "count": 12050,
                                    "self": 0.0,
                                    "children": {
                                        "worker_root": {
                                            "total": 120.01406519999975,
                                            "count": 12050,
                                            "is_parallel": true,
                                            "self": 59.03929119999937,
                                            "children": {
                                                "steps_from_proto": {
                                                    "total": 0.0005753999999988935,
                                                    "count": 1,
                                                    "is_parallel": true,
                                                    "self": 0.00033870000000035816,
                                                    "children": {
                                                        "_process_rank_one_or_two_observation": {
                                                            "total": 0.0002366999999985353,
                                                            "count": 2,
                                                            "is_parallel": true,
                                                            "self": 0.0002366999999985353
                                                        }
                                                    }
                                                },
                                                "UnityEnvironment.step": {
                                                    "total": 60.97419860000038,
                                                    "count": 12050,
                                                    "is_parallel": true,
                                                    "self": 1.2913246000000669,
                                                    "children": {
                                                        "UnityEnvironment._generate_step_input": {
                                                            "total": 1.290063100000598,
                                                            "count": 12050,
                                                            "is_parallel": true,
                                                            "self": 1.290063100000598
                                                        },
                                                        "communicator.exchange": {
                                                            "total": 53.92532270000017,
                                                            "count": 12050,
                                                            "is_parallel": true,
                                                            "self": 53.92532270000017
                                                        },
                                                        "steps_from_proto": {
                                                            "total": 4.467488199999535,
                                                            "count": 12050,
                                                            "is_parallel": true,
                                                            "self": 2.687444999999956,
                                                            "children": {
                                                                "_process_rank_one_or_two_observation": {
                                                                    "total": 1.7800431999995787,
                                                                    "count": 24100,
                                                                    "is_parallel": true,
                                                                    "self": 1.7800431999995787
                                                                }
                                                            }
                                                        }
                                                    }
                                                }
                                            }
                                        }
                                    }
                                }
                            }
                        },
                        "trainer_advance": {
                            "total": 28.118243800000045,
                            "count": 12050,
                            "self": 0.3030214000005458,
                            "children": {
                                "process_trajectory": {
                                    "total": 21.25448399999948,
                                    "count": 12050,
                                    "self": 21.25448399999948
                                },
                                "_update_policy": {
                                    "total": 6.5607384000000195,