{
    "name": "root",
    "metadata": {
        "timer_format_version": "0.1.0",
        "start_time_seconds": "1668683724",
        "python_version": "3.7.13 (default, Mar 28 2022, 08:03:21) [MSC v.1916 64 bit (AMD64)]",
        "command_line_arguments": "C:\\Users\\udvar\\anaconda3\\envs\\20221009env\\Scripts\\mlagents-learn --run-id=202211171215",
        "mlagents_version": "0.28.0",
        "mlagents_envs_version": "0.28.0",
        "communication_protocol_version": "1.5.0",
        "pytorch_version": "1.7.1+cu110",
        "numpy_version": "1.21.6",
        "end_time_seconds": "1668683827"
    },
    "total": 102.6500984,
    "count": 1,
    "self": 0.007091400000007297,
    "children": {
        "run_training.setup": {
            "total": 0.1379566999999997,
            "count": 1,
            "self": 0.1379566999999997
        },
        "TrainerController.start_learning": {
            "total": 102.5050503,
            "count": 1,
            "self": 0.09515940000009948,
            "children": {
                "TrainerController._reset_env": {
                    "total": 10.643060400000001,
                    "count": 1,
                    "self": 10.643060400000001
                },
                "TrainerController.advance": {
                    "total": 91.6568833999999,
                    "count": 3784,
                    "self": 0.0921278000000143,
                    "children": {
                        "env_step": {
                            "total": 86.39252119999995,
                            "count": 3784,
                            "self": 82.23394429999979,
                            "children": {
                                "SubprocessEnvManager._take_step": {
                                    "total": 4.106388600000043,
                                    "count": 3784,
                                    "self": 0.20905180000018397,
                                    "children": {
                                        "TorchPolicy.evaluate": {
                                            "total": 3.8973367999998594,
                                            "count": 3784,
                                            "self": 0.9809687000000835,
                                            "children": {
                                                "TorchPolicy.sample_actions": {
                                                    "total": 2.916368099999776,
                                                    "count": 3784,
                                                    "self": 2.916368099999776
                                                }
                                            }
                                        }
                                    }
                                },
                                "workers": {
                                    "total": 0.052188300000112875,
                                    "count": 3783,
                                    "self": 0.0,
                                    "children": {
                                        "worker_root": {
                                            "total": 30.533925199999942,
                                            "count": 3783,
                                            "is_parallel": true,
                                            "self": 16.21011299999993,
                                            "children": {
                                                "steps_from_proto": {
                                                    "total": 0.0008495000000001696,
                                                    "count": 1,
                                                    "is_parallel": true,
                                                    "self": 0.00044830000000040116,
                                                    "children": {
                                                        "_process_rank_one_or_two_observation": {
                                                            "total": 0.0004011999999997684,
                                                            "count": 2,
                                                            "is_parallel": true,
                                                            "self": 0.0004011999999997684
                                                        }
                                                    }
                                                },
                                                "UnityEnvironment.step": {
                                                    "total": 14.322962700000014,
                                                    "count": 3783,
                                                    "is_parallel": true,
                                                    "self": 0.3768430999997676,
                                                    "children": {
                                                        "UnityEnvironment._generate_step_input": {
                                                            "total": 0.33135350000005204,
                                                            "count": 3783,
                                                            "is_parallel": true,
                                                            "self": 0.33135350000005204
                                                        },
                                                        "communicator.exchange": {
                                                            "total": 12.241933900000124,
                                                            "count": 3783,
                                                            "is_parallel": true,
                                                            "self": 12.241933900000124
                                                        },
                                                        "steps_from_proto": {
                                                            "total": 1.3728322000000706,
                                                            "count": 3783,
                                                            "is_parallel": true,
                                                            "self": 0.8638705000002425,
                                                            "children": {
                                                                "_process_rank_one_or_two_observation": {
                                                                    "total": 0.5089616999998281,
                                                                    "count": 7566,
                                                                    "is_parallel": true,
                                                                    "self": 0.5089616999998281
                                                                }
                                                            }
                                                        }
                                                    }
                                                }
                                            }
                                        }
                                    }
                                }
                            }
                        },
                        "trainer_advance": {
                            "total": 5.17223439999994,
                            "count": 3783,
                            "self": 0.10027830000011306,
                            "children": {
                                "process_trajectory": {
                                    "total": 5.071956099999827,
                                    "count": 3783,
                                    "self": 5.071956099999827
                                }
                            }
                        }
                    }
                },