{
    "name": "root",
    "metadata": {
        "timer_format_version": "0.1.0",
        "start_time_seconds": "1682803996",
        "python_version": "3.7.13 (default, Mar 28 2022, 08:03:21) [MSC v.1916 64 bit (AMD64)]",
        "command_line_arguments": "C:\\Users\\udvar\\anaconda3\\envs\\20221009env\\Scripts\\mlagents-learn --run-id=202204292333",
        "mlagents_version": "0.28.0",
        "mlagents_envs_version": "0.28.0",
        "communication_protocol_version": "1.5.0",
        "pytorch_version": "1.7.1+cu110",
        "numpy_version": "1.21.6",
        "end_time_seconds": "1682804109"
    },
    "total": 112.9571456,
    "count": 1,
    "self": 0.006984799999997904,
    "children": {
        "run_training.setup": {
            "total": 0.17601479999999992,
            "count": 1,
            "self": 0.17601479999999992
        },
        "TrainerController.start_learning": {
            "total": 112.774146,
            "count": 1,
            "self": 0.0821997000000465,
            "children": {
                "TrainerController._reset_env": {
                    "total": 9.9842323,
                    "count": 1,
                    "self": 9.9842323
                },
                "TrainerController.advance": {
                    "total": 102.61989339999994,
                    "count": 3351,
                    "self": 0.08342319999998438,
                    "children": {
                        "env_step": {
                            "total": 100.05974329999992,
                            "count": 3351,
                            "self": 96.48488119999999,
                            "children": {
                                "SubprocessEnvManager._take_step": {
                                    "total": 3.5289452999998545,
                                    "count": 3351,
                                    "self": 0.180452999999984,
                                    "children": {
                                        "TorchPolicy.evaluate": {
                                            "total": 3.3484922999998705,
                                            "count": 3351,
                                            "self": 0.8549330999998777,
                                            "children": {
                                                "TorchPolicy.sample_actions": {
                                                    "total": 2.493559199999993,
                                                    "count": 3351,
                                                    "self": 2.493559199999993
                                                }
                                            }
                                        }
                                    }
                                },
                                "workers": {
                                    "total": 0.0459168000000858,
                                    "count": 3350,
                                    "self": 0.0,
                                    "children": {
                                        "worker_root": {
                                            "total": 50.84848640000015,
                                            "count": 3350,
                                            "is_parallel": true,
                                            "self": 12.282658800000227,
                                            "children": {
                                                "steps_from_proto": {
                                                    "total": 0.0005229999999993851,
                                                    "count": 1,
                                                    "is_parallel": true,
                                                    "self": 0.00032389999999882235,
                                                    "children": {
                                                        "_process_rank_one_or_two_observation": {
                                                            "total": 0.00019910000000056272,
                                                            "count": 2,
                                                            "is_parallel": true,
                                                            "self": 0.00019910000000056272
                                                        }
                                                    }
                                                },
                                                "UnityEnvironment.step": {
                                                    "total": 38.56530459999992,
                                                    "count": 3350,
                                                    "is_parallel": true,
                                                    "self": 0.31141169999961704,
                                                    "children": {
                                                        "UnityEnvironment._generate_step_input": {
                                                            "total": 0.24695870000028464,
                                                            "count": 3350,
                                                            "is_parallel": true,
                                                            "self": 0.24695870000028464
                                                        },
                                                        "communicator.exchange": {
                                                            "total": 36.83459409999998,
                                                            "count": 3350,
                                                            "is_parallel": true,
                                                            "self": 36.83459409999998
                                                        },
                                                        "steps_from_proto": {
                                                            "total": 1.1723401000000369,
                                                            "count": 3350,
                                                            "is_parallel": true,
                                                            "self": 0.7458886000001339,
                                                            "children": {
                                                                "_process_rank_one_or_two_observation": {
                                                                    "total": 0.42645149999990295,
                                                                    "count": 6700,
                                                                    "is_parallel": true,
                                                                    "self": 0.42645149999990295
                                                                }
                                                            }
                                                        }
                                                    }
                                                }
                                            }
                                        }
                                    }
                                }
                            }
                        },
                        "trainer_advance": {
                            "total": 2.476726900000031,
                            "count": 3350,
                            "self": 0.08838020000003688,
                            "children": {
                                "process_trajectory": {
                                    "total": 2.3883466999999943,
                                    "count": 3350,
                                    "self": 2.3883466999999943
                                }
                            }
                        }
                    }
                },