{
    "name": "root",
    "metadata": {
        "timer_format_version": "0.1.0",
        "start_time_seconds": "1684323543",
        "python_version": "3.7.13 (default, Mar 28 2022, 08:03:21) [MSC v.1916 64 bit (AMD64)]",
        "command_line_arguments": "C:\\Users\\udvar\\anaconda3\\envs\\20221009env\\Scripts\\mlagents-learn --run-id=202305171338",
        "mlagents_version": "0.28.0",
        "mlagents_envs_version": "0.28.0",
        "communication_protocol_version": "1.5.0",
        "pytorch_version": "1.7.1+cu110",
        "numpy_version": "1.21.6",
        "end_time_seconds": "1684323589"
    },
    "total": 46.057555900000004,
    "count": 1,
    "self": 0.014735200000004056,
    "children": {
        "run_training.setup": {
            "total": 0.14034539999999973,
            "count": 1,
            "self": 0.14034539999999973
        },
        "TrainerController.start_learning": {
            "total": 45.9024753,
            "count": 1,
            "self": 0.0694279999999452,
            "children": {
                "TrainerController._reset_env": {
                    "total": 12.6891785,
                    "count": 1,
                    "self": 12.6891785
                },
                "TrainerController.advance": {
                    "total": 33.06510200000005,
                    "count": 2784,
                    "self": 0.0672286000000355,
                    "children": {
                        "env_step": {
                            "total": 30.958723499999916,
                            "count": 2784,
                            "self": 27.81721230000001,
                            "children": {
                                "SubprocessEnvManager._take_step": {
                                    "total": 3.1039137999999475,
                                    "count": 2785,
                                    "self": 0.14858529999997216,
                                    "children": {
                                        "TorchPolicy.evaluate": {
                                            "total": 2.9553284999999754,
                                            "count": 2785,
                                            "self": 0.6986950999999948,
                                            "children": {
                                                "TorchPolicy.sample_actions": {
                                                    "total": 2.2566333999999806,
                                                    "count": 2785,
                                                    "self": 2.2566333999999806
                                                }
                                            }
                                        }
                                    }
                                },
                                "workers": {
                                    "total": 0.037597399999960146,
                                    "count": 2783,
                                    "self": 0.0,
                                    "children": {
                                        "worker_root": {
                                            "total": 20.96026049999999,
                                            "count": 2783,
                                            "is_parallel": true,
                                            "self": 10.533177900000098,
                                            "children": {
                                                "steps_from_proto": {
                                                    "total": 0.0005110000000012604,
                                                    "count": 1,
                                                    "is_parallel": true,
                                                    "self": 0.00031100000000172656,
                                                    "children": {
                                                        "_process_rank_one_or_two_observation": {
                                                            "total": 0.00019999999999953388,
                                                            "count": 2,
                                                            "is_parallel": true,
                                                            "self": 0.00019999999999953388
                                                        }
                                                    }
                                                },
                                                "UnityEnvironment.step": {
                                                    "total": 10.42657159999989,
                                                    "count": 2783,
                                                    "is_parallel": true,
                                                    "self": 0.2597031999999526,
                                                    "children": {
                                                        "UnityEnvironment._generate_step_input": {
                                                            "total": 0.1984707999999813,
                                                            "count": 2783,
                                                            "is_parallel": true,
                                                            "self": 0.1984707999999813
                                                        },
                                                        "communicator.exchange": {
                                                            "total": 8.992341699999924,
                                                            "count": 2783,
                                                            "is_parallel": true,
                                                            "self": 8.992341699999924
                                                        },
                                                        "steps_from_proto": {
                                                            "total": 0.9760559000000324,
                                                            "count": 2783,
                                                            "is_parallel": true,
                                                            "self": 0.6207764000001106,
                                                            "children": {
                                                                "_process_rank_one_or_two_observation": {
                                                                    "total": 0.3552794999999218,
                                                                    "count": 5566,
                                                                    "is_parallel": true,
                                                                    "self": 0.3552794999999218
                                                                }
                                                            }
                                                        }
                                                    }
                                                }
                                            }
                                        }
                                    }
                                }
                            }
                        },
                        "trainer_advance": {
                            "total": 2.0391499000000977,
                            "count": 2783,
                            "self": 0.07237070000008572,
                            "children": {
                                "process_trajectory": {
                                    "total": 1.966779200000012,
                                    "count": 2783,
                                    "self": 1.966779200000012
                                }
                            }
                        }
                    }
                },