{
    "name": "root",
    "metadata": {
        "timer_format_version": "0.1.0",
        "start_time_seconds": "1682803532",
        "python_version": "3.7.13 (default, Mar 28 2022, 08:03:21) [MSC v.1916 64 bit (AMD64)]",
        "command_line_arguments": "C:\\Users\\udvar\\anaconda3\\envs\\20221009env\\Scripts\\mlagents-learn --run-id=202204292325",
        "mlagents_version": "0.28.0",
        "mlagents_envs_version": "0.28.0",
        "communication_protocol_version": "1.5.0",
        "pytorch_version": "1.7.1+cu110",
        "numpy_version": "1.21.6",
        "end_time_seconds": "1682803833"
    },
    "total": 301.3983775,
    "count": 1,
    "self": 0.00823200000002089,
    "children": {
        "run_training.setup": {
            "total": 0.17117359999999993,
            "count": 1,
            "self": 0.17117359999999993
        },
        "TrainerController.start_learning": {
            "total": 301.2189719,
            "count": 1,
            "self": 0.8049963999983447,
            "children": {
                "TrainerController._reset_env": {
                    "total": 10.3912389,
                    "count": 1,
                    "self": 10.3912389
                },
                "TrainerController.advance": {
                    "total": 289.9014938000016,
                    "count": 31084,
                    "self": 0.7937459000024774,
                    "children": {
                        "env_step": {
                            "total": 256.62518000000057,
                            "count": 31084,
                            "self": 223.52974849999717,
                            "children": {
                                "SubprocessEnvManager._take_step": {
                                    "total": 32.64423490000082,
                                    "count": 31084,
                                    "self": 1.7229092000022952,
                                    "children": {
                                        "TorchPolicy.evaluate": {
                                            "total": 30.921325699998523,
                                            "count": 31084,
                                            "self": 7.957834499999191,
                                            "children": {
                                                "TorchPolicy.sample_actions": {
                                                    "total": 22.963491199999332,
                                                    "count": 31084,
                                                    "self": 22.963491199999332
                                                }
                                            }
                                        }
                                    }
                                },
                                "workers": {
                                    "total": 0.4511966000025893,
                                    "count": 31083,
                                    "self": 0.0,
                                    "children": {
                                        "worker_root": {
                                            "total": 229.101693,
                                            "count": 31083,
                                            "is_parallel": true,
                                            "self": 100.88037470000009,
                                            "children": {
                                                "steps_from_proto": {
                                                    "total": 0.0005329999999998947,
                                                    "count": 1,
                                                    "is_parallel": true,
                                                    "self": 0.00033049999999956725,
                                                    "children": {
                                                        "_process_rank_one_or_two_observation": {
                                                            "total": 0.00020250000000032742,
                                                            "count": 2,
                                                            "is_parallel": true,
                                                            "self": 0.00020250000000032742
                                                        }
                                                    }
                                                },
                                                "UnityEnvironment.step": {
                                                    "total": 128.22078529999993,
                                                    "count": 31083,
                                                    "is_parallel": true,
                                                    "self": 2.9046274999962947,
                                                    "children": {
                                                        "UnityEnvironment._generate_step_input": {
                                                            "total": 2.3509641000016916,
                                                            "count": 31083,
                                                            "is_parallel": true,
                                                            "self": 2.3509641000016916
                                                        },
                                                        "communicator.exchange": {
                                                            "total": 111.83130800000012,
                                                            "count": 31083,
                                                            "is_parallel": true,
                                                            "self": 111.83130800000012
                                                        },
                                                        "steps_from_proto": {
                                                            "total": 11.133885700001827,
                                                            "count": 31083,
                                                            "is_parallel": true,
                                                            "self": 7.075816800002864,
                                                            "children": {
                                                                "_process_rank_one_or_two_observation": {
                                                                    "total": 4.058068899998963,
                                                                    "count": 62166,
                                                                    "is_parallel": true,
                                                                    "self": 4.058068899998963
                                                                }
                                                            }
                                                        }
                                                    }
                                                }
                                            }
                                        }
                                    }
                                }
                            }
                        },
                        "trainer_advance": {
                            "total": 32.48256789999855,
                            "count": 31083,
                            "self": 0.8418391999986063,
                            "children": {
                                "process_trajectory": {
                                    "total": 24.899007299999955,
                                    "count": 31083,
                                    "self": 24.899007299999955
                                },
                                "_update_policy": {
                                    "total": 6.741721399999989,