{
    "name": "root",
    "metadata": {
        "timer_format_version": "0.1.0",
        "start_time_seconds": "1684786372",
        "python_version": "3.7.13 (default, Mar 28 2022, 08:03:21) [MSC v.1916 64 bit (AMD64)]",
        "command_line_arguments": "C:\\Users\\udvar\\anaconda3\\envs\\20221009env\\Scripts\\mlagents-learn --run-id=202305222212",
        "mlagents_version": "0.28.0",
        "mlagents_envs_version": "0.28.0",
        "communication_protocol_version": "1.5.0",
        "pytorch_version": "1.7.1+cu110",
        "numpy_version": "1.21.6",
        "end_time_seconds": "1684786552"
    },
    "total": 179.5308803,
    "count": 1,
    "self": 0.007124300000015182,
    "children": {
        "run_training.setup": {
            "total": 0.14395099999999994,
            "count": 1,
            "self": 0.14395099999999994
        },
        "TrainerController.start_learning": {
            "total": 179.379805,
            "count": 1,
            "self": 0.37701610000067376,
            "children": {
                "TrainerController._reset_env": {
                    "total": 11.0271518,
                    "count": 1,
                    "self": 11.0271518
                },
                "TrainerController.advance": {
                    "total": 167.86089369999934,
                    "count": 14984,
                    "self": 0.37362769999964485,
                    "children": {
                        "env_step": {
                            "total": 154.04009589999947,
                            "count": 14984,
                            "self": 137.77662999999865,
                            "children": {
                                "SubprocessEnvManager._take_step": {
                                    "total": 16.04710410000019,
                                    "count": 14984,
                                    "self": 0.8355879000010162,
                                    "children": {
                                        "TorchPolicy.evaluate": {
                                            "total": 15.211516199999174,
                                            "count": 14984,
                                            "self": 3.94816439999901,
                                            "children": {
                                                "TorchPolicy.sample_actions": {
                                                    "total": 11.263351800000164,
                                                    "count": 14984,
                                                    "self": 11.263351800000164
                                                }
                                            }
                                        }
                                    }
                                },
                                "workers": {
                                    "total": 0.2163618000006231,
                                    "count": 14983,
                                    "self": 0.0,
                                    "children": {
                                        "worker_root": {
                                            "total": 106.91625260000018,
                                            "count": 14983,
                                            "is_parallel": true,
                                            "self": 48.357298599999766,
                                            "children": {
                                                "steps_from_proto": {
                                                    "total": 0.0005877000000005239,
                                                    "count": 1,
                                                    "is_parallel": true,
                                                    "self": 0.0003708000000006706,
                                                    "children": {
                                                        "_process_rank_one_or_two_observation": {
                                                            "total": 0.00021689999999985332,
                                                            "count": 2,
                                                            "is_parallel": true,
                                                            "self": 0.00021689999999985332
                                                        }
                                                    }
                                                },
                                                "UnityEnvironment.step": {
                                                    "total": 58.55836630000041,
                                                    "count": 14983,
                                                    "is_parallel": true,
                                                    "self": 1.3999425000001295,
                                                    "children": {
                                                        "UnityEnvironment._generate_step_input": {
                                                            "total": 1.129086400000329,
                                                            "count": 14983,
                                                            "is_parallel": true,
                                                            "self": 1.129086400000329
                                                        },
                                                        "communicator.exchange": {
                                                            "total": 50.80623110000029,
                                                            "count": 14983,
                                                            "is_parallel": true,
                                                            "self": 50.80623110000029
                                                        },
                                                        "steps_from_proto": {
                                                            "total": 5.223106299999657,
                                                            "count": 14983,
                                                            "is_parallel": true,
                                                            "self": 3.3219747999991096,
                                                            "children": {
                                                                "_process_rank_one_or_two_observation": {
                                                                    "total": 1.901131500000547,
                                                                    "count": 29966,
                                                                    "is_parallel": true,
                                                                    "self": 1.901131500000547
                                                                }
                                                            }
                                                        }
                                                    }
                                                }
                                            }
                                        }
                                    }
                                }
                            }
                        },
                        "trainer_advance": {
                            "total": 13.44717010000023,
                            "count": 14983,
                            "self": 0.39932990000017377,
                            "children": {
                                "process_trajectory": {
                                    "total": 10.829509800000057,
                                    "count": 14983,
                                    "self": 10.829509800000057
                                },
                                "_update_policy": {
                                    "total": 2.2183303999999993,