{
    "name": "root",
    "metadata": {
        "timer_format_version": "0.1.0",
        "start_time_seconds": "1683837181",
        "python_version": "3.7.13 (default, Mar 28 2022, 08:03:21) [MSC v.1916 64 bit (AMD64)]",
        "command_line_arguments": "C:\\Users\\udvar\\anaconda3\\envs\\20221009env\\Scripts\\mlagents-learn --run-id=202305112232",
        "mlagents_version": "0.28.0",
        "mlagents_envs_version": "0.28.0",
        "communication_protocol_version": "1.5.0",
        "pytorch_version": "1.7.1+cu110",
        "numpy_version": "1.21.6",
        "end_time_seconds": "1683837303"
    },
    "total": 121.7476604,
    "count": 1,
    "self": 0.007218100000002892,
    "children": {
        "run_training.setup": {
            "total": 0.14673669999999994,
            "count": 1,
            "self": 0.14673669999999994
        },
        "TrainerController.start_learning": {
            "total": 121.59370559999999,
            "count": 1,
            "self": 0.20696729999997387,
            "children": {
                "TrainerController._reset_env": {
                    "total": 9.909567299999999,
                    "count": 1,
                    "self": 9.909567299999999
                },
                "TrainerController.advance": {
                    "total": 111.36021720000001,
                    "count": 9151,
                    "self": 0.21457349999984388,
                    "children": {
                        "env_step": {
                            "total": 108.28166650000033,
                            "count": 9151,
                            "self": 98.30921670000075,
                            "children": {
                                "SubprocessEnvManager._take_step": {
                                    "total": 9.847221300000056,
                                    "count": 9151,
                                    "self": 0.4917633000003967,
                                    "children": {
                                        "TorchPolicy.evaluate": {
                                            "total": 9.35545799999966,
                                            "count": 9151,
                                            "self": 2.4608566999997485,
                                            "children": {
                                                "TorchPolicy.sample_actions": {
                                                    "total": 6.894601299999911,
                                                    "count": 9151,
                                                    "self": 6.894601299999911
                                                }
                                            }
                                        }
                                    }
                                },
                                "workers": {
                                    "total": 0.12522849999952257,
                                    "count": 9150,
                                    "self": 0.0,
                                    "children": {
                                        "worker_root": {
                                            "total": 50.59367020000028,
                                            "count": 9150,
                                            "is_parallel": true,
                                            "self": 24.36256190000016,
                                            "children": {
                                                "steps_from_proto": {
                                                    "total": 0.0005186000000003688,
                                                    "count": 1,
                                                    "is_parallel": true,
                                                    "self": 0.0003155000000001351,
                                                    "children": {
                                                        "_process_rank_one_or_two_observation": {
                                                            "total": 0.00020310000000023365,
                                                            "count": 2,
                                                            "is_parallel": true,
                                                            "self": 0.00020310000000023365
                                                        }
                                                    }
                                                },
                                                "UnityEnvironment.step": {
                                                    "total": 26.230589700000124,
                                                    "count": 9150,
                                                    "is_parallel": true,
                                                    "self": 0.794243800000455,
                                                    "children": {
                                                        "UnityEnvironment._generate_step_input": {
                                                            "total": 0.6426755999997589,
                                                            "count": 9150,
                                                            "is_parallel": true,
                                                            "self": 0.6426755999997589
                                                        },
                                                        "communicator.exchange": {
                                                            "total": 21.880355900000097,
                                                            "count": 9150,
                                                            "is_parallel": true,
                                                            "self": 21.880355900000097
                                                        },
                                                        "steps_from_proto": {
                                                            "total": 2.9133143999998126,
                                                            "count": 9150,
                                                            "is_parallel": true,
                                                            "self": 1.9246360999996526,
                                                            "children": {
                                                                "_process_rank_one_or_two_observation": {
                                                                    "total": 0.98867830000016,
                                                                    "count": 18300,
                                                                    "is_parallel": true,
                                                                    "self": 0.98867830000016
                                                                }
                                                            }
                                                        }
                                                    }
                                                }
                                            }
                                        }
                                    }
                                }
                            }
                        },
                        "trainer_advance": {
                            "total": 2.8639771999998302,
                            "count": 9150,
                            "self": 0.23890319999991227,
                            "children": {
                                "process_trajectory": {
                                    "total": 2.625073999999918,
                                    "count": 9150,
                                    "self": 2.625073999999918
                                }
                            }
                        }
                    }
                },