{
    "name": "root",
    "metadata": {
        "timer_format_version": "0.1.0",
        "start_time_seconds": "1685266468",
        "python_version": "3.7.13 (default, Mar 28 2022, 08:03:21) [MSC v.1916 64 bit (AMD64)]",
        "command_line_arguments": "C:\\Users\\udvar\\anaconda3\\envs\\20221009env\\Scripts\\mlagents-learn --run-id=202305281134",
        "mlagents_version": "0.28.0",
        "mlagents_envs_version": "0.28.0",
        "communication_protocol_version": "1.5.0",
        "pytorch_version": "1.7.1+cu110",
        "numpy_version": "1.21.6",
        "end_time_seconds": "1685266528"
    },
    "total": 59.960390800000006,
    "count": 1,
    "self": 0.009211800000002768,
    "children": {
        "run_training.setup": {
            "total": 0.18649190000000004,
            "count": 1,
            "self": 0.18649190000000004
        },
        "TrainerController.start_learning": {
            "total": 59.7646871,
            "count": 1,
            "self": 0.12541330000011897,
            "children": {
                "TrainerController._reset_env": {
                    "total": 10.9641428,
                    "count": 1,
                    "self": 10.9641428
                },
                "TrainerController.advance": {
                    "total": 48.58552169999989,
                    "count": 5101,
                    "self": 0.1242249999998819,
                    "children": {
                        "env_step": {
                            "total": 44.68103990000002,
                            "count": 5101,
                            "self": 39.251634700000125,
                            "children": {
                                "SubprocessEnvManager._take_step": {
                                    "total": 5.3573827000001355,
                                    "count": 5101,
                                    "self": 0.27833040000007436,
                                    "children": {
                                        "TorchPolicy.evaluate": {
                                            "total": 5.079052300000061,
                                            "count": 5101,
                                            "self": 1.315545699999964,
                                            "children": {
                                                "TorchPolicy.sample_actions": {
                                                    "total": 3.763506600000097,
                                                    "count": 5101,
                                                    "self": 3.763506600000097
                                                }
                                            }
                                        }
                                    }
                                },
                                "workers": {
                                    "total": 0.07202249999976118,
                                    "count": 5100,
                                    "self": 0.0,
                                    "children": {
                                        "worker_root": {
                                            "total": 41.60719839999996,
                                            "count": 5100,
                                            "is_parallel": true,
                                            "self": 17.421655299999944,
                                            "children": {
                                                "steps_from_proto": {
                                                    "total": 0.0005411999999997974,
                                                    "count": 1,
                                                    "is_parallel": true,
                                                    "self": 0.0003188999999998998,
                                                    "children": {
                                                        "_process_rank_one_or_two_observation": {
                                                            "total": 0.00022229999999989758,
                                                            "count": 2,
                                                            "is_parallel": true,
                                                            "self": 0.00022229999999989758
                                                        }
                                                    }
                                                },
                                                "UnityEnvironment.step": {
                                                    "total": 24.185001900000014,
                                                    "count": 5100,
                                                    "is_parallel": true,
                                                    "self": 0.4628424999995211,
                                                    "children": {
                                                        "UnityEnvironment._generate_step_input": {
                                                            "total": 0.3661936000001198,
                                                            "count": 5100,
                                                            "is_parallel": true,
                                                            "self": 0.3661936000001198
                                                        },
                                                        "communicator.exchange": {
                                                            "total": 21.591316800000172,
                                                            "count": 5100,
                                                            "is_parallel": true,
                                                            "self": 21.591316800000172
                                                        },
                                                        "steps_from_proto": {
                                                            "total": 1.7646490000001993,
                                                            "count": 5100,
                                                            "is_parallel": true,
                                                            "self": 1.1223570000003935,
                                                            "children": {
                                                                "_process_rank_one_or_two_observation": {
                                                                    "total": 0.6422919999998058,
                                                                    "count": 10200,
                                                                    "is_parallel": true,
                                                                    "self": 0.6422919999998058
                                                                }
                                                            }
                                                        }
                                                    }
                                                }
                                            }
                                        }
                                    }
                                }
                            }
                        },
                        "trainer_advance": {
                            "total": 3.7802567999999823,
                            "count": 5100,
                            "self": 0.13254130000000686,
                            "children": {
                                "process_trajectory": {
                                    "total": 3.6477154999999755,
                                    "count": 5100,
                                    "self": 3.6477154999999755
                                }
                            }
                        }
                    }
                },