{
    "name": "root",
    "metadata": {
        "timer_format_version": "0.1.0",
        "start_time_seconds": "1684758527",
        "python_version": "3.7.13 (default, Mar 28 2022, 08:03:21) [MSC v.1916 64 bit (AMD64)]",
        "command_line_arguments": "C:\\Users\\udvar\\anaconda3\\envs\\20221009env\\Scripts\\mlagents-learn --run-id=202305221428",
        "mlagents_version": "0.28.0",
        "mlagents_envs_version": "0.28.0",
        "communication_protocol_version": "1.5.0",
        "pytorch_version": "1.7.1+cu110",
        "numpy_version": "1.21.6",
        "end_time_seconds": "1684758629"
    },
    "total": 101.7718505,
    "count": 1,
    "self": 0.0070485999999903015,
    "children": {
        "run_training.setup": {
            "total": 0.1418619999999997,
            "count": 1,
            "self": 0.1418619999999997
        },
        "TrainerController.start_learning": {
            "total": 101.6229399,
            "count": 1,
            "self": 0.08661259999995252,
            "children": {
                "TrainerController._reset_env": {
                    "total": 11.5810281,
                    "count": 1,
                    "self": 11.5810281
                },
                "TrainerController.advance": {
                    "total": 89.83253160000005,
                    "count": 3551,
                    "self": 0.09200420000023257,
                    "children": {
                        "env_step": {
                            "total": 88.07487799999997,
                            "count": 3551,
                            "self": 83.70064499999958,
                            "children": {
                                "SubprocessEnvManager._take_step": {
                                    "total": 4.3225353000000855,
                                    "count": 3551,
                                    "self": 0.2079898000001581,
                                    "children": {
                                        "TorchPolicy.evaluate": {
                                            "total": 4.114545499999927,
                                            "count": 3551,
                                            "self": 1.0322066000000731,
                                            "children": {
                                                "TorchPolicy.sample_actions": {
                                                    "total": 3.082338899999854,
                                                    "count": 3551,
                                                    "self": 3.082338899999854
                                                }
                                            }
                                        }
                                    }
                                },
                                "workers": {
                                    "total": 0.05169770000030205,
                                    "count": 3550,
                                    "self": 0.0,
                                    "children": {
                                        "worker_root": {
                                            "total": 29.18540120000003,
                                            "count": 3550,
                                            "is_parallel": true,
                                            "self": 12.804645400000133,
                                            "children": {
                                                "steps_from_proto": {
                                                    "total": 0.0005755999999994543,
                                                    "count": 1,
                                                    "is_parallel": true,
                                                    "self": 0.00033290000000008035,
                                                    "children": {
                                                        "_process_rank_one_or_two_observation": {
                                                            "total": 0.00024269999999937397,
                                                            "count": 2,
                                                            "is_parallel": true,
                                                            "self": 0.00024269999999937397
                                                        }
                                                    }
                                                },
                                                "UnityEnvironment.step": {
                                                    "total": 16.3801801999999,
                                                    "count": 3550,
                                                    "is_parallel": true,
                                                    "self": 0.37309899999984,
                                                    "children": {
                                                        "UnityEnvironment._generate_step_input": {
                                                            "total": 0.32609519999990866,
                                                            "count": 3550,
                                                            "is_parallel": true,
                                                            "self": 0.32609519999990866
                                                        },
                                                        "communicator.exchange": {
                                                            "total": 14.44409769999996,
                                                            "count": 3550,
                                                            "is_parallel": true,
                                                            "self": 14.44409769999996
                                                        },
                                                        "steps_from_proto": {
                                                            "total": 1.2368883000001905,
                                                            "count": 3550,
                                                            "is_parallel": true,
                                                            "self": 0.7640437999998575,
                                                            "children": {
                                                                "_process_rank_one_or_two_observation": {
                                                                    "total": 0.47284450000033296,
                                                                    "count": 7100,
                                                                    "is_parallel": true,
                                                                    "self": 0.47284450000033296
                                                                }
                                                            }
                                                        }
                                                    }
                                                }
                                            }
                                        }
                                    }
                                }
                            }
                        },
                        "trainer_advance": {
                            "total": 1.6656493999998485,
                            "count": 3550,
                            "self": 0.10280019999994039,
                            "children": {
                                "process_trajectory": {
                                    "total": 1.5628491999999081,
                                    "count": 3550,
                                    "self": 1.5628491999999081
                                }
                            }
                        }
                    }
                },