{
    "name": "root",
    "metadata": {
        "timer_format_version": "0.1.0",
        "start_time_seconds": "1667997609",
        "python_version": "3.7.13 (default, Mar 28 2022, 08:03:21) [MSC v.1916 64 bit (AMD64)]",
        "command_line_arguments": "C:\\Users\\udvar\\anaconda3\\envs\\20221009env\\Scripts\\mlagents-learn --run-id=202211091340",
        "mlagents_version": "0.28.0",
        "mlagents_envs_version": "0.28.0",
        "communication_protocol_version": "1.5.0",
        "pytorch_version": "1.7.1+cu110",
        "numpy_version": "1.21.6",
        "end_time_seconds": "1667997638"
    },
    "total": 28.2837643,
    "count": 1,
    "self": 0.007241499999999235,
    "children": {
        "run_training.setup": {
            "total": 0.13869789999999993,
            "count": 1,
            "self": 0.13869789999999993
        },
        "TrainerController.start_learning": {
            "total": 28.137824900000002,
            "count": 1,
            "self": 0.035492900000033245,
            "children": {
                "TrainerController._reset_env": {
                    "total": 11.4003306,
                    "count": 1,
                    "self": 11.4003306
                },
                "TrainerController.advance": {
                    "total": 16.562473499999967,
                    "count": 1317,
                    "self": 0.033397499999857416,
                    "children": {
                        "env_step": {
                            "total": 14.721235400000062,
                            "count": 1317,
                            "self": 13.409503899999953,
                            "children": {
                                "SubprocessEnvManager._take_step": {
                                    "total": 1.2940342000001053,
                                    "count": 1317,
                                    "self": 0.07119030000007243,
                                    "children": {
                                        "TorchPolicy.evaluate": {
                                            "total": 1.2228439000000328,
                                            "count": 1317,
                                            "self": 0.3103832000000448,
                                            "children": {
                                                "TorchPolicy.sample_actions": {
                                                    "total": 0.912460699999988,
                                                    "count": 1317,
                                                    "self": 0.912460699999988
                                                }
                                            }
                                        }
                                    }
                                },
                                "workers": {
                                    "total": 0.01769730000000358,
                                    "count": 1316,
                                    "self": 0.0,
                                    "children": {
                                        "worker_root": {
                                            "total": 12.939088500000056,
                                            "count": 1316,
                                            "is_parallel": true,
                                            "self": 7.3916518000000675,
                                            "children": {
                                                "steps_from_proto": {
                                                    "total": 0.0004965000000005659,
                                                    "count": 1,
                                                    "is_parallel": true,
                                                    "self": 0.0002988000000012647,
                                                    "children": {
                                                        "_process_rank_one_or_two_observation": {
                                                            "total": 0.0001976999999993012,
                                                            "count": 2,
                                                            "is_parallel": true,
                                                            "self": 0.0001976999999993012
                                                        }
                                                    }
                                                },
                                                "UnityEnvironment.step": {
                                                    "total": 5.546940199999987,
                                                    "count": 1316,
                                                    "is_parallel": true,
                                                    "self": 0.12395450000015451,
                                                    "children": {
                                                        "UnityEnvironment._generate_step_input": {
                                                            "total": 0.0959522999999205,
                                                            "count": 1316,
                                                            "is_parallel": true,
                                                            "self": 0.0959522999999205
                                                        },
                                                        "communicator.exchange": {
                                                            "total": 4.818385699999986,
                                                            "count": 1316,
                                                            "is_parallel": true,
                                                            "self": 4.818385699999986
                                                        },
                                                        "steps_from_proto": {
                                                            "total": 0.5086476999999263,
                                                            "count": 1316,
                                                            "is_parallel": true,
                                                            "self": 0.3136919999998433,
                                                            "children": {
                                                                "_process_rank_one_or_two_observation": {
                                                                    "total": 0.194955700000083,
                                                                    "count": 2632,
                                                                    "is_parallel": true,
                                                                    "self": 0.194955700000083
                                                                }
                                                            }
                                                        }
                                                    }
                                                }
                                            }
                                        }
                                    }
                                }
                            }
                        },
                        "trainer_advance": {
                            "total": 1.8078406000000466,
                            "count": 1316,
                            "self": 0.03244370000005148,
                            "children": {
                                "process_trajectory": {
                                    "total": 1.7753968999999952,
                                    "count": 1316,
                                    "self": 1.7753968999999952
                                }
                            }
                        }
                    }
                },