{
    "name": "root",
    "metadata": {
        "timer_format_version": "0.1.0",
        "start_time_seconds": "1682801167",
        "python_version": "3.7.13 (default, Mar 28 2022, 08:03:21) [MSC v.1916 64 bit (AMD64)]",
        "command_line_arguments": "C:\\Users\\udvar\\anaconda3\\envs\\20221009env\\Scripts\\mlagents-learn --run-id=202204292245",
        "mlagents_version": "0.28.0",
        "mlagents_envs_version": "0.28.0",
        "communication_protocol_version": "1.5.0",
        "pytorch_version": "1.7.1+cu110",
        "numpy_version": "1.21.6",
        "end_time_seconds": "1682801265"
    },
    "total": 98.5086453,
    "count": 1,
    "self": 0.007777700000005439,
    "children": {
        "run_training.setup": {
            "total": 0.1525186000000005,
            "count": 1,
            "self": 0.1525186000000005
        },
        "TrainerController.start_learning": {
            "total": 98.348349,
            "count": 1,
            "self": 0.03453270000005659,
            "children": {
                "TrainerController._reset_env": {
                    "total": 19.785438900000003,
                    "count": 1,
                    "self": 19.785438900000003
                },
                "TrainerController.advance": {
                    "total": 78.38465779999993,
                    "count": 1367,
                    "self": 0.03323029999984328,
                    "children": {
                        "env_step": {
                            "total": 77.63240090000004,
                            "count": 1367,
                            "self": 76.13030549999996,
                            "children": {
                                "SubprocessEnvManager._take_step": {
                                    "total": 1.4825111000000781,
                                    "count": 1367,
                                    "self": 0.07462740000001489,
                                    "children": {
                                        "TorchPolicy.evaluate": {
                                            "total": 1.4078837000000632,
                                            "count": 1367,
                                            "self": 0.3621026000000356,
                                            "children": {
                                                "TorchPolicy.sample_actions": {
                                                    "total": 1.0457811000000277,
                                                    "count": 1367,
                                                    "self": 1.0457811000000277
                                                }
                                            }
                                        }
                                    }
                                },
                                "workers": {
                                    "total": 0.01958429999999467,
                                    "count": 1366,
                                    "self": 0.0,
                                    "children": {
                                        "worker_root": {
                                            "total": 22.98425440000002,
                                            "count": 1366,
                                            "is_parallel": true,
                                            "self": 14.822063099999992,
                                            "children": {
                                                "steps_from_proto": {
                                                    "total": 0.0014057000000011755,
                                                    "count": 1,
                                                    "is_parallel": true,
                                                    "self": 0.00036820000000226116,
                                                    "children": {
                                                        "_process_rank_one_or_two_observation": {
                                                            "total": 0.0010374999999989143,
                                                            "count": 2,
                                                            "is_parallel": true,
                                                            "self": 0.0010374999999989143
                                                        }
                                                    }
                                                },
                                                "UnityEnvironment.step": {
                                                    "total": 8.160785600000025,
                                                    "count": 1366,
                                                    "is_parallel": true,
                                                    "self": 0.12480040000016501,
                                                    "children": {
                                                        "UnityEnvironment._generate_step_input": {
                                                            "total": 0.09945860000000195,
                                                            "count": 1366,
                                                            "is_parallel": true,
                                                            "self": 0.09945860000000195
                                                        },
                                                        "communicator.exchange": {
                                                            "total": 7.481021099999943,
                                                            "count": 1366,
                                                            "is_parallel": true,
                                                            "self": 7.481021099999943
                                                        },
                                                        "steps_from_proto": {
                                                            "total": 0.45550549999991574,
                                                            "count": 1366,
                                                            "is_parallel": true,
                                                            "self": 0.29483289999984663,
                                                            "children": {
                                                                "_process_rank_one_or_two_observation": {
                                                                    "total": 0.1606726000000691,
                                                                    "count": 2732,
                                                                    "is_parallel": true,
                                                                    "self": 0.1606726000000691
                                                                }
                                                            }
                                                        }
                                                    }
                                                }
                                            }
                                        }
                                    }
                                }
                            }
                        },
                        "trainer_advance": {
                            "total": 0.7190266000000527,
                            "count": 1366,
                            "self": 0.036805299999940644,
                            "children": {
                                "process_trajectory": {
                                    "total": 0.682221300000112,
                                    "count": 1366,
                                    "self": 0.682221300000112
                                }
                            }
                        }
                    }
                },