{"count":1,"self":391.7312512,"total":3465.6427918,"children":{"InitializeActuators":{"count":8,"self":0.00099509999999999985,"total":0.00099509999999999985,"children":null},"InitializeSensors":{"count":8,"self":0.0010008999999999999,"total":0.0010008999999999999,"children":null},"AgentSendState":{"count":62517,"self":1.3561083,"total":15.401440299999999,"children":{"CollectObservations":{"count":500136,"self":8.7907616,"total":8.7907616,"children":null},"WriteActionMask":{"count":500136,"self":0.3304974,"total":0.3304974,"children":null},"RequestDecision":{"count":500136,"self":1.0925943,"total":4.924073,"children":{"AgentInfo.ToProto":{"count":500136,"self":0.9150412,"total":3.8314787,"children":{"GenerateSensorData":{"count":500136,"self":2.9164376,"total":2.9164375,"children":null}}}}}}},"DecideAction":{"count":62517,"self":2907.5597312,"total":2907.5596707,"children":null},"AgentAct":{"count":62517,"self":149.7126144,"total":150.9474316,"children":{"AgentInfo.ToProto":{"count":125032,"self":0.3710873,"total":1.2348221,"children":{"GenerateSensorData":{"count":125032,"self":0.86373479999999991,"total":0.86373479999999991,"children":null}}}}}},"gauges":{"camPlacerAgent.CumulativeReward":{"count":125032,"max":1.2,"min":-0.5,"runningAverage":-0.112136148,"value":-0.5,"weightedAverage":-0.499683946}},"metadata":{"timer_format_version":"0.1.0","start_time_seconds":"1688315705","unity_version":"2021.3.10f1","command_line_arguments":"C:\\Program Files\\Unity\\Hub\\Editor\\2021.3.10f1\\Editor\\Unity.exe -projectpath D:\\Laura\\agent1015 -useHub -hubIPC -cloudEnvironment production -licensingIpc LicenseClient-Szabolcs -hubSessionId 554aba5e-33cd-4236-88f8-fe5ac71ce635","communication_protocol_version":"1.5.0","com.unity.ml-agents_version":"2.0.1","scene_name":"SampleScene","end_time_seconds":"1688319171"}}