{
    "name": "root",
    "metadata": {
        "timer_format_version": "0.1.0",
        "start_time_seconds": "1683726421",
        "python_version": "3.7.13 (default, Mar 28 2022, 08:03:21) [MSC v.1916 64 bit (AMD64)]",
        "command_line_arguments": "C:\\Users\\udvar\\anaconda3\\envs\\20221009env\\Scripts\\mlagents-learn --run-id=202305101546 --train",
        "mlagents_version": "0.28.0",
        "mlagents_envs_version": "0.28.0",
        "communication_protocol_version": "1.5.0",
        "pytorch_version": "1.7.1+cu110",
        "numpy_version": "1.21.6",
        "end_time_seconds": "1683726507"
    },
    "total": 85.9244744,
    "count": 1,
    "self": 0.008601299999995149,
    "children": {
        "run_training.setup": {
            "total": 0.14713150000000041,
            "count": 1,
            "self": 0.14713150000000041
        },
        "TrainerController.start_learning": {
            "total": 85.7687416,
            "count": 1,
            "self": 0.03006690000006529,
            "children": {
                "TrainerController._reset_env": {
                    "total": 14.723470299999999,
                    "count": 1,
                    "self": 14.723470299999999
                },
                "TrainerController.advance": {
                    "total": 70.87622389999993,
                    "count": 1284,
                    "self": 0.03160129999989181,
                    "children": {
                        "env_step": {
                            "total": 70.45900710000001,
                            "count": 1284,
                            "self": 69.03087679999983,
                            "children": {
                                "SubprocessEnvManager._take_step": {
                                    "total": 1.410964000000103,
                                    "count": 1284,
                                    "self": 0.07006950000010548,
                                    "children": {
                                        "TorchPolicy.evaluate": {
                                            "total": 1.3408944999999974,
                                            "count": 1284,
                                            "self": 0.34907869999995,
                                            "children": {
                                                "TorchPolicy.sample_actions": {
                                                    "total": 0.9918158000000474,
                                                    "count": 1284,
                                                    "self": 0.9918158000000474
                                                }
                                            }
                                        }
                                    }
                                },
                                "workers": {
                                    "total": 0.017166300000077683,
                                    "count": 1283,
                                    "self": 0.0,
                                    "children": {
                                        "worker_root": {
                                            "total": 12.809166300000033,
                                            "count": 1283,
                                            "is_parallel": true,
                                            "self": 8.285293600000035,
                                            "children": {
                                                "steps_from_proto": {
                                                    "total": 0.005982599999999394,
                                                    "count": 1,
                                                    "is_parallel": true,
                                                    "self": 0.0018058999999990277,
                                                    "children": {
                                                        "_process_rank_one_or_two_observation": {
                                                            "total": 0.004176700000000366,
                                                            "count": 2,
                                                            "is_parallel": true,
                                                            "self": 0.004176700000000366
                                                        }
                                                    }
                                                },
                                                "UnityEnvironment.step": {
                                                    "total": 4.517890099999999,
                                                    "count": 1283,
                                                    "is_parallel": true,
                                                    "self": 0.1129647000001075,
                                                    "children": {
                                                        "UnityEnvironment._generate_step_input": {
                                                            "total": 0.0895879999999547,
                                                            "count": 1283,
                                                            "is_parallel": true,
                                                            "self": 0.0895879999999547
                                                        },
                                                        "communicator.exchange": {
                                                            "total": 3.9079316999999687,
                                                            "count": 1283,
                                                            "is_parallel": true,
                                                            "self": 3.9079316999999687
                                                        },
                                                        "steps_from_proto": {
                                                            "total": 0.407405699999968,
                                                            "count": 1283,
                                                            "is_parallel": true,
                                                            "self": 0.269316099999811,
                                                            "children": {
                                                                "_process_rank_one_or_two_observation": {
                                                                    "total": 0.13808960000015702,
                                                                    "count": 2566,
                                                                    "is_parallel": true,
                                                                    "self": 0.13808960000015702
                                                                }
                                                            }
                                                        }
                                                    }
                                                }
                                            }
                                        }
                                    }
                                }
                            }
                        },
                        "trainer_advance": {
                            "total": 0.385615500000025,
                            "count": 1283,
                            "self": 0.03538820000004961,
                            "children": {
                                "process_trajectory": {
                                    "total": 0.35022729999997537,
                                    "count": 1283,
                                    "self": 0.35022729999997537
                                }
                            }
                        }
                    }
                },