{
    "name": "root",
    "metadata": {
        "timer_format_version": "0.1.0",
        "start_time_seconds": "1682802995",
        "python_version": "3.7.13 (default, Mar 28 2022, 08:03:21) [MSC v.1916 64 bit (AMD64)]",
        "command_line_arguments": "C:\\Users\\udvar\\anaconda3\\envs\\20221009env\\Scripts\\mlagents-learn --run-id=202204292316",
        "mlagents_version": "0.28.0",
        "mlagents_envs_version": "0.28.0",
        "communication_protocol_version": "1.5.0",
        "pytorch_version": "1.7.1+cu110",
        "numpy_version": "1.21.6",
        "end_time_seconds": "1682803084"
    },
    "total": 88.7433775,
    "count": 1,
    "self": 0.008122299999996585,
    "children": {
        "run_training.setup": {
            "total": 0.14749290000000048,
            "count": 1,
            "self": 0.14749290000000048
        },
        "TrainerController.start_learning": {
            "total": 88.5877623,
            "count": 1,
            "self": 0.04256929999996828,
            "children": {
                "TrainerController._reset_env": {
                    "total": 12.165384300000003,
                    "count": 1,
                    "self": 12.165384300000003
                },
                "TrainerController.advance": {
                    "total": 76.16741500000002,
                    "count": 1667,
                    "self": 0.0434492999999776,
                    "children": {
                        "env_step": {
                            "total": 74.81897630000003,
                            "count": 1667,
                            "self": 72.9400019999999,
                            "children": {
                                "SubprocessEnvManager._take_step": {
                                    "total": 1.8551657000000539,
                                    "count": 1667,
                                    "self": 0.09896000000014737,
                                    "children": {
                                        "TorchPolicy.evaluate": {
                                            "total": 1.7562056999999065,
                                            "count": 1667,
                                            "self": 0.4448971999998932,
                                            "children": {
                                                "TorchPolicy.sample_actions": {
                                                    "total": 1.3113085000000133,
                                                    "count": 1667,
                                                    "self": 1.3113085000000133
                                                }
                                            }
                                        }
                                    }
                                },
                                "workers": {
                                    "total": 0.023808600000084112,
                                    "count": 1666,
                                    "self": 0.0,
                                    "children": {
                                        "worker_root": {
                                            "total": 14.656288699999989,
                                            "count": 1666,
                                            "is_parallel": true,
                                            "self": 7.77509759999994,
                                            "children": {
                                                "steps_from_proto": {
                                                    "total": 0.0005255999999995709,
                                                    "count": 1,
                                                    "is_parallel": true,
                                                    "self": 0.00034349999999783165,
                                                    "children": {
                                                        "_process_rank_one_or_two_observation": {
                                                            "total": 0.0001821000000017392,
                                                            "count": 2,
                                                            "is_parallel": true,
                                                            "self": 0.0001821000000017392
                                                        }
                                                    }
                                                },
                                                "UnityEnvironment.step": {
                                                    "total": 6.880665500000049,
                                                    "count": 1666,
                                                    "is_parallel": true,
                                                    "self": 0.1636597000000357,
                                                    "children": {
                                                        "UnityEnvironment._generate_step_input": {
                                                            "total": 0.12738079999999385,
                                                            "count": 1666,
                                                            "is_parallel": true,
                                                            "self": 0.12738079999999385
                                                        },
                                                        "communicator.exchange": {
                                                            "total": 5.96967470000002,
                                                            "count": 1666,
                                                            "is_parallel": true,
                                                            "self": 5.96967470000002
                                                        },
                                                        "steps_from_proto": {
                                                            "total": 0.6199502999999993,
                                                            "count": 1666,
                                                            "is_parallel": true,
                                                            "self": 0.3800379999999368,
                                                            "children": {
                                                                "_process_rank_one_or_two_observation": {
                                                                    "total": 0.23991230000006247,
                                                                    "count": 3332,
                                                                    "is_parallel": true,
                                                                    "self": 0.23991230000006247
                                                                }
                                                            }
                                                        }
                                                    }
                                                }
                                            }
                                        }
                                    }
                                }
                            }
                        },
                        "trainer_advance": {
                            "total": 1.3049894000000073,
                            "count": 1666,
                            "self": 0.04490349999995047,
                            "children": {
                                "process_trajectory": {
                                    "total": 1.2600859000000568,
                                    "count": 1666,
                                    "self": 1.2600859000000568
                                }
                            }
                        }
                    }
                },