{
    "name": "root",
    "metadata": {
        "timer_format_version": "0.1.0",
        "start_time_seconds": "1688226162",
        "python_version": "3.7.13 (default, Oct 19 2022, 10:19:43) [MSC v.1916 64 bit (AMD64)]",
        "command_line_arguments": "C:\\Users\\Szabolcs\\anaconda3\\envs\\env2\\Scripts\\mlagents-learn config/camPlacerAgent_config.yaml --run-id=202307011742",
        "mlagents_version": "0.28.0",
        "mlagents_envs_version": "0.28.0",
        "communication_protocol_version": "1.5.0",
        "pytorch_version": "1.13.1+cu117",
        "numpy_version": "1.21.6",
        "end_time_seconds": "1688226256"
    },
    "total": 93.35450739999999,
    "count": 1,
    "self": 0.004483099999987417,
    "children": {
        "run_training.setup": {
            "total": 0.06862820000000003,
            "count": 1,
            "self": 0.06862820000000003
        },
        "TrainerController.start_learning": {
            "total": 93.2813961,
            "count": 1,
            "self": 0.014042400000036537,
            "children": {
                "TrainerController._reset_env": {
                    "total": 10.1509377,
                    "count": 1,
                    "self": 10.1509377
                },
                "TrainerController.advance": {
                    "total": 83.02349289999995,
                    "count": 876,
                    "self": 0.013926099999935104,
                    "children": {
                        "env_step": {
                            "total": 78.7213544,
                            "count": 876,
                            "self": 76.81260010000008,
                            "children": {
                                "SubprocessEnvManager._take_step": {
                                    "total": 1.9011975999999766,
                                    "count": 876,
                                    "self": 0.032381300000059454,
                                    "children": {
                                        "TorchPolicy.evaluate": {
                                            "total": 1.8688162999999172,
                                            "count": 876,
                                            "self": 0.5265909999999625,
                                            "children": {
                                                "TorchPolicy.sample_actions": {
                                                    "total": 1.3422252999999547,
                                                    "count": 876,
                                                    "self": 1.3422252999999547
                                                }
                                            }
                                        }
                                    }
                                },
                                "workers": {
                                    "total": 0.007556699999932803,
                                    "count": 875,
                                    "self": 0.0,
                                    "children": {
                                        "worker_root": {
                                            "total": 12.315966700000018,
                                            "count": 875,
                                            "is_parallel": true,
                                            "self": 9.322543999999997,
                                            "children": {
                                                "steps_from_proto": {
                                                    "total": 0.0003403999999997964,
                                                    "count": 1,
                                                    "is_parallel": true,
                                                    "self": 0.00020080000000000098,
                                                    "children": {
                                                        "_process_rank_one_or_two_observation": {
                                                            "total": 0.00013959999999979544,
                                                            "count": 2,
                                                            "is_parallel": true,
                                                            "self": 0.00013959999999979544
                                                        }
                                                    }
                                                },
                                                "UnityEnvironment.step": {
                                                    "total": 2.9930823000000206,
                                                    "count": 875,
                                                    "is_parallel": true,
                                                    "self": 0.051623600000047176,
                                                    "children": {
                                                        "UnityEnvironment._generate_step_input": {
                                                            "total": 0.03635350000001836,
                                                            "count": 875,
                                                            "is_parallel": true,
                                                            "self": 0.03635350000001836
                                                        },
                                                        "communicator.exchange": {
                                                            "total": 2.709758699999961,
                                                            "count": 875,
                                                            "is_parallel": true,
                                                            "self": 2.709758699999961
                                                        },
                                                        "steps_from_proto": {
                                                            "total": 0.1953464999999941,
                                                            "count": 875,
                                                            "is_parallel": true,
                                                            "self": 0.12398449999994732,
                                                            "children": {
                                                                "_process_rank_one_or_two_observation": {
                                                                    "total": 0.07136200000004678,
                                                                    "count": 1750,
                                                                    "is_parallel": true,
                                                                    "self": 0.07136200000004678
                                                                }
                                                            }
                                                        }
                                                    }
                                                }
                                            }
                                        }
                                    }
                                }
                            }
                        },
                        "trainer_advance": {
                            "total": 4.288212400000019,
                            "count": 875,
                            "self": 0.0143805000000512,
                            "children": {
                                "process_trajectory": {
                                    "total": 0.7704834999999672,
                                    "count": 875,
                                    "self": 0.7704834999999672
                                },
                                "_update_policy": {
                                    "total": 3.5033484,