{
    "name": "root",
    "metadata": {
        "timer_format_version": "0.1.0",
        "start_time_seconds": "1684400224",
        "python_version": "3.7.13 (default, Mar 28 2022, 08:03:21) [MSC v.1916 64 bit (AMD64)]",
        "command_line_arguments": "C:\\Users\\udvar\\anaconda3\\envs\\20221009env\\Scripts\\mlagents-learn --run-id=202305181056",
        "mlagents_version": "0.28.0",
        "mlagents_envs_version": "0.28.0",
        "communication_protocol_version": "1.5.0",
        "pytorch_version": "1.7.1+cu110",
        "numpy_version": "1.21.6",
        "end_time_seconds": "1684400309"
    },
    "total": 84.8398917,
    "count": 1,
    "self": 0.007831199999984051,
    "children": {
        "run_training.setup": {
            "total": 0.15750150000000218,
            "count": 1,
            "self": 0.15750150000000218
        },
        "TrainerController.start_learning": {
            "total": 84.674559,
            "count": 1,
            "self": 0.03576540000014461,
            "children": {
                "TrainerController._reset_env": {
                    "total": 12.543164000000004,
                    "count": 1,
                    "self": 12.543164000000004
                },
                "TrainerController.advance": {
                    "total": 71.94623319999985,
                    "count": 1534,
                    "self": 0.036244899999871905,
                    "children": {
                        "env_step": {
                            "total": 71.54215670000002,
                            "count": 1534,
                            "self": 69.81871379999997,
                            "children": {
                                "SubprocessEnvManager._take_step": {
                                    "total": 1.7027635999998694,
                                    "count": 1534,
                                    "self": 0.0851171999998428,
                                    "children": {
                                        "TorchPolicy.evaluate": {
                                            "total": 1.6176464000000266,
                                            "count": 1534,
                                            "self": 0.4200227999999129,
                                            "children": {
                                                "TorchPolicy.sample_actions": {
                                                    "total": 1.1976236000001137,
                                                    "count": 1534,
                                                    "self": 1.1976236000001137
                                                }
                                            }
                                        }
                                    }
                                },
                                "workers": {
                                    "total": 0.020679300000182366,
                                    "count": 1533,
                                    "self": 0.0,
                                    "children": {
                                        "worker_root": {
                                            "total": 13.536158500000065,
                                            "count": 1533,
                                            "is_parallel": true,
                                            "self": 8.641458600000082,
                                            "children": {
                                                "steps_from_proto": {
                                                    "total": 0.0015181000000001887,
                                                    "count": 1,
                                                    "is_parallel": true,
                                                    "self": 0.0003842000000009449,
                                                    "children": {
                                                        "_process_rank_one_or_two_observation": {
                                                            "total": 0.0011338999999992438,
                                                            "count": 2,
                                                            "is_parallel": true,
                                                            "self": 0.0011338999999992438
                                                        }
                                                    }
                                                },
                                                "UnityEnvironment.step": {
                                                    "total": 4.893181799999983,
                                                    "count": 1533,
                                                    "is_parallel": true,
                                                    "self": 0.1387201999999501,
                                                    "children": {
                                                        "UnityEnvironment._generate_step_input": {
                                                            "total": 0.10930730000001354,
                                                            "count": 1533,
                                                            "is_parallel": true,
                                                            "self": 0.10930730000001354
                                                        },
                                                        "communicator.exchange": {
                                                            "total": 4.1579318,
                                                            "count": 1533,
                                                            "is_parallel": true,
                                                            "self": 4.1579318
                                                        },
                                                        "steps_from_proto": {
                                                            "total": 0.4872225000000192,
                                                            "count": 1533,
                                                            "is_parallel": true,
                                                            "self": 0.3165503000000225,
                                                            "children": {
                                                                "_process_rank_one_or_two_observation": {
                                                                    "total": 0.17067219999999672,
                                                                    "count": 3066,
                                                                    "is_parallel": true,
                                                                    "self": 0.17067219999999672
                                                                }
                                                            }
                                                        }
                                                    }
                                                }
                                            }
                                        }
                                    }
                                }
                            }
                        },
                        "trainer_advance": {
                            "total": 0.36783159999995263,
                            "count": 1533,
                            "self": 0.04156609999981953,
                            "children": {
                                "process_trajectory": {
                                    "total": 0.3262655000001331,
                                    "count": 1533,
                                    "self": 0.3262655000001331
                                }
                            }
                        }
                    }
                },