{
    "name": "root",
    "metadata": {
        "timer_format_version": "0.1.0",
        "start_time_seconds": "1684752151",
        "python_version": "3.7.13 (default, Mar 28 2022, 08:03:21) [MSC v.1916 64 bit (AMD64)]",
        "command_line_arguments": "C:\\Users\\udvar\\anaconda3\\envs\\20221009env\\Scripts\\mlagents-learn --run-id=202305221242",
        "mlagents_version": "0.28.0",
        "mlagents_envs_version": "0.28.0",
        "communication_protocol_version": "1.5.0",
        "pytorch_version": "1.7.1+cu110",
        "numpy_version": "1.21.6",
        "end_time_seconds": "1684752251"
    },
    "total": 100.4972519,
    "count": 1,
    "self": 10.039295100000004,
    "children": {
        "run_training.setup": {
            "total": 0.1668738999999997,
            "count": 1,
            "self": 0.1668738999999997
        },
        "TrainerController.start_learning": {
            "total": 90.29108289999999,
            "count": 1,
            "self": 0.03988850000003197,
            "children": {
                "TrainerController._reset_env": {
                    "total": 14.362672199999999,
                    "count": 1,
                    "self": 14.362672199999999
                },
                "TrainerController.advance": {
                    "total": 75.75178619999997,
                    "count": 1634,
                    "self": 0.0413148000000092,
                    "children": {
                        "env_step": {
                            "total": 75.32937229999983,
                            "count": 1634,
                            "self": 73.42008430000008,
                            "children": {
                                "SubprocessEnvManager._take_step": {
                                    "total": 1.8859340999998082,
                                    "count": 1636,
                                    "self": 0.09728009999981069,
                                    "children": {
                                        "TorchPolicy.evaluate": {
                                            "total": 1.7886539999999975,
                                            "count": 1636,
                                            "self": 0.4807389000000839,
                                            "children": {
                                                "TorchPolicy.sample_actions": {
                                                    "total": 1.3079150999999136,
                                                    "count": 1636,
                                                    "self": 1.3079150999999136
                                                }
                                            }
                                        }
                                    }
                                },
                                "workers": {
                                    "total": 0.02335389999993609,
                                    "count": 1633,
                                    "self": 0.0,
                                    "children": {
                                        "worker_root": {
                                            "total": 15.421426400000042,
                                            "count": 1633,
                                            "is_parallel": true,
                                            "self": 7.019952900000005,
                                            "children": {
                                                "steps_from_proto": {
                                                    "total": 0.0015962999999992178,
                                                    "count": 3,
                                                    "is_parallel": true,
                                                    "self": 0.0009050999999962173,
                                                    "children": {
                                                        "_process_rank_one_or_two_observation": {
                                                            "total": 0.0006912000000030005,
                                                            "count": 6,
                                                            "is_parallel": true,
                                                            "self": 0.0006912000000030005
                                                        }
                                                    }
                                                },
                                                "UnityEnvironment.step": {
                                                    "total": 8.399877200000038,
                                                    "count": 1633,
                                                    "is_parallel": true,
                                                    "self": 0.18759470000019007,
                                                    "children": {
                                                        "UnityEnvironment._generate_step_input": {
                                                            "total": 0.14392819999987427,
                                                            "count": 1633,
                                                            "is_parallel": true,
                                                            "self": 0.14392819999987427
                                                        },
                                                        "communicator.exchange": {
                                                            "total": 7.520239899999936,
                                                            "count": 1633,
                                                            "is_parallel": true,
                                                            "self": 7.520239899999936
                                                        },
                                                        "steps_from_proto": {
                                                            "total": 0.5481144000000375,
                                                            "count": 1633,
                                                            "is_parallel": true,
                                                            "self": 0.35176580000028324,
                                                            "children": {
                                                                "_process_rank_one_or_two_observation": {
                                                                    "total": 0.1963485999997543,
                                                                    "count": 3266,
                                                                    "is_parallel": true,
                                                                    "self": 0.1963485999997543
                                                                }
                                                            }
                                                        }
                                                    }
                                                }
                                            }
                                        }
                                    }
                                }
                            }
                        },
                        "trainer_advance": {
                            "total": 0.3810991000001316,
                            "count": 1633,
                            "self": 0.047060499999776795,
                            "children": {
                                "process_trajectory": {
                                    "total": 0.3340386000003548,
                                    "count": 1633,
                                    "self": 0.3340386000003548
                                }
                            }
                        }
                    }
                },