{
    "name": "root",
    "metadata": {
        "timer_format_version": "0.1.0",
        "start_time_seconds": "1683118036",
        "python_version": "3.7.13 (default, Mar 28 2022, 08:03:21) [MSC v.1916 64 bit (AMD64)]",
        "command_line_arguments": "C:\\Users\\udvar\\anaconda3\\envs\\20221009env\\Scripts\\mlagents-learn --run-id=202305031447",
        "mlagents_version": "0.28.0",
        "mlagents_envs_version": "0.28.0",
        "communication_protocol_version": "1.5.0",
        "pytorch_version": "1.7.1+cu110",
        "numpy_version": "1.21.6",
        "end_time_seconds": "1683118135"
    },
    "total": 98.7570905,
    "count": 1,
    "self": 0.008804500000010762,
    "children": {
        "run_training.setup": {
            "total": 0.1435613,
            "count": 1,
            "self": 0.1435613
        },
        "TrainerController.start_learning": {
            "total": 98.60472469999999,
            "count": 1,
            "self": 0.06707110000000682,
            "children": {
                "TrainerController._reset_env": {
                    "total": 10.693264800000001,
                    "count": 1,
                    "self": 10.693264800000001
                },
                "TrainerController.advance": {
                    "total": 87.73073109999999,
                    "count": 2834,
                    "self": 0.0667783999998619,
                    "children": {
                        "env_step": {
                            "total": 86.45268799999994,
                            "count": 2834,
                            "self": 83.42237550000003,
                            "children": {
                                "SubprocessEnvManager._take_step": {
                                    "total": 2.991801400000101,
                                    "count": 2834,
                                    "self": 0.15152530000008113,
                                    "children": {
                                        "TorchPolicy.evaluate": {
                                            "total": 2.84027610000002,
                                            "count": 2834,
                                            "self": 0.7461453999998469,
                                            "children": {
                                                "TorchPolicy.sample_actions": {
                                                    "total": 2.094130700000173,
                                                    "count": 2834,
                                                    "self": 2.094130700000173
                                                }
                                            }
                                        }
                                    }
                                },
                                "workers": {
                                    "total": 0.03851109999981084,
                                    "count": 2833,
                                    "self": 0.0,
                                    "children": {
                                        "worker_root": {
                                            "total": 26.415372099999992,
                                            "count": 2833,
                                            "is_parallel": true,
                                            "self": 9.738590899999842,
                                            "children": {
                                                "steps_from_proto": {
                                                    "total": 0.0005383000000005467,
                                                    "count": 1,
                                                    "is_parallel": true,
                                                    "self": 0.00030430000000336577,
                                                    "children": {
                                                        "_process_rank_one_or_two_observation": {
                                                            "total": 0.0002339999999971809,
                                                            "count": 2,
                                                            "is_parallel": true,
                                                            "self": 0.0002339999999971809
                                                        }
                                                    }
                                                },
                                                "UnityEnvironment.step": {
                                                    "total": 16.676242900000148,
                                                    "count": 2833,
                                                    "is_parallel": true,
                                                    "self": 0.25335130000033956,
                                                    "children": {
                                                        "UnityEnvironment._generate_step_input": {
                                                            "total": 0.20046009999995462,
                                                            "count": 2833,
                                                            "is_parallel": true,
                                                            "self": 0.20046009999995462
                                                        },
                                                        "communicator.exchange": {
                                                            "total": 15.296518999999961,
                                                            "count": 2833,
                                                            "is_parallel": true,
                                                            "self": 15.296518999999961
                                                        },
                                                        "steps_from_proto": {
                                                            "total": 0.9259124999998907,
                                                            "count": 2833,
                                                            "is_parallel": true,
                                                            "self": 0.6064098999999779,
                                                            "children": {
                                                                "_process_rank_one_or_two_observation": {
                                                                    "total": 0.3195025999999128,
                                                                    "count": 5666,
                                                                    "is_parallel": true,
                                                                    "self": 0.3195025999999128
                                                                }
                                                            }
                                                        }
                                                    }
                                                }
                                            }
                                        }
                                    }
                                }
                            }
                        },
                        "trainer_advance": {
                            "total": 1.2112647000001857,
                            "count": 2833,
                            "self": 0.07705600000026713,
                            "children": {
                                "process_trajectory": {
                                    "total": 1.1342086999999186,
                                    "count": 2833,
                                    "self": 1.1342086999999186
                                }
                            }
                        }
                    }
                },