{
    "name": "root",
    "gauges": {
        "camPlacerAgent.Policy.Entropy.mean": {
            "value": 3.0944199562072754,
            "min": 3.0162246227264404,
            "max": 3.1422412395477295,
            "count": 107
        },
        "camPlacerAgent.Policy.Entropy.sum": {
            "value": 3094.419921875,
            "min": 3016.224609375,
            "max": 3142.2412109375,
            "count": 107
        },
        "camPlacerAgent.Environment.EpisodeLength.mean": {
            "value": 3.0,
            "min": 3.0,
            "max": 3.0,
            "count": 107
        },
        "camPlacerAgent.Environment.EpisodeLength.sum": {
            "value": 750.0,
            "min": 750.0,
            "max": 750.0,
            "count": 107
        },
        "camPlacerAgent.Step.mean": {
            "value": 106996.0,
            "min": 996.0,
            "max": 106996.0,
            "count": 107
        },
        "camPlacerAgent.Step.sum": {
            "value": 106996.0,
            "min": 996.0,
            "max": 106996.0,
            "count": 107
        },
        "camPlacerAgent.Policy.ExtrinsicValueEstimate.mean": {
            "value": -0.13163496553897858,
            "min": -0.1686413586139679,
            "max": -0.07076673209667206,
            "count": 107
        },
        "camPlacerAgent.Policy.ExtrinsicValueEstimate.sum": {
            "value": -32.90874099731445,
            "min": -42.16033935546875,
            "max": -17.62091636657715,
            "count": 107
        },
        "camPlacerAgent.Environment.CumulativeReward.mean": {
            "value": -0.138,
            "min": -0.158,
            "max": -0.08433734939759036,
            "count": 107
        },
        "camPlacerAgent.Environment.CumulativeReward.sum": {
            "value": -34.5,
            "min": -39.5,
            "max": -21.0,
            "count": 107
        },
        "camPlacerAgent.Policy.ExtrinsicReward.mean": {
            "value": -0.138,
            "min": -0.158,
            "max": -0.08433734939759036,
            "count": 107
        },
        "camPlacerAgent.Policy.ExtrinsicReward.sum": {
            "value": -34.5,
            "min": -39.5,
            "max": -21.0,
            "count": 107
        },
        "camPlacerAgent.Losses.PolicyLoss.mean": {
            "value": 0.25167892376495593,
            "min": 0.2179336955427425,
            "max": 0.2532486980356259,
            "count": 107
        },
        "camPlacerAgent.Losses.PolicyLoss.sum": {
            "value": 2.2651103138846036,
            "min": 1.9761106594414743,
            "max": 2.499771251721541,
            "count": 107
        },
        "camPlacerAgent.Losses.ValueLoss.mean": {
            "value": 0.07038428765652632,
            "min": 0.03860590794184073,
            "max": 0.08715371306131905,
            "count": 107
        },
        "camPlacerAgent.Losses.ValueLoss.sum": {
            "value": 0.6334585889087369,
            "min": 0.34745317147656657,
            "max": 0.8715371306131905,
            "count": 107
        },
        "camPlacerAgent.Policy.LearningRate.mean": {
            "value": 0.0002361024212992,
            "min": 0.0002361024212992,
            "max": 0.000299688000104,
            "count": 107
        },
        "camPlacerAgent.Policy.LearningRate.sum": {
            "value": 0.0021249217916928,
            "min": 0.0021249217916928,
            "max": 0.002990952003016,
            "count": 107
        },
        "camPlacerAgent.Policy.Epsilon.mean": {
            "value": 0.1787008,
            "min": 0.1787008,
            "max": 0.199896,
            "count": 107
        },
        "camPlacerAgent.Policy.Epsilon.sum": {
            "value": 1.6083072,
            "min": 1.6083072,
            "max": 1.996984,
            "count": 107
        },
        "camPlacerAgent.Policy.Beta.mean": {
            "value": 0.0005,
            "min": 0.0005,
            "max": 0.0005000000000000001,
            "count": 107
        },
        "camPlacerAgent.Policy.Beta.sum": {
            "value": 0.0045000000000000005,
            "min": 0.0045000000000000005,
            "max": 0.005000000000000001,
            "count": 107
        },
        "camPlacerAgent.IsTraining.mean": {
            "value": 1.0,
            "min": 1.0,
            "max": 1.0,
            "count": 107
        },
        "camPlacerAgent.IsTraining.sum": {
            "value": 1.0,
            "min": 1.0,
            "max": 1.0,
            "count": 107
        }
    },
    "metadata": {
        "timer_format_version": "0.1.0",
        "start_time_seconds": "1688312313",
        "python_version": "3.7.13 (default, Oct 19 2022, 10:19:43) [MSC v.1916 64 bit (AMD64)]",
        "command_line_arguments": "C:\\Users\\Szabolcs\\anaconda3\\envs\\env2\\Scripts\\mlagents-learn config/camPlacerAgent_config.yaml --run-id=2307021738",
        "mlagents_version": "0.28.0",
        "mlagents_envs_version": "0.28.0",
        "communication_protocol_version": "1.5.0",
        "pytorch_version": "1.13.1+cu117",
        "numpy_version": "1.21.6",
        "end_time_seconds": "1688313522"
    },
    "total": 1209.2460366999999,
    "count": 1,
    "self": 0.004245699999955832,
    "children": {
        "run_training.setup": {
            "total": 0.06892460000000011,
            "count": 1,
            "self": 0.06892460000000011
        },
        "TrainerController.start_learning": {
            "total": 1209.1728664,
            "count": 1,
            "self": 1.5980630999786172,
            "children": {
                "TrainerController._reset_env": {
                    "total": 8.4918223,
                    "count": 1,
                    "self": 8.4918223
                },
                "TrainerController.advance": {
                    "total": 1198.9715580000213,
                    "count": 107751,
                    "self": 1.6554810000282032,
                    "children": {
                        "env_step": {
                            "total": 584.8692076000074,
                            "count": 107751,
                            "self": 376.54217980003034,
                            "children": {
                                "SubprocessEnvManager._take_step": {
                                    "total": 207.4000055999851,
                                    "count": 107751,
                                    "self": 4.02145849998135,
                                    "children": {
                                        "TorchPolicy.evaluate": {
                                            "total": 203.37854710000374,
                                            "count": 107751,
                                            "self": 91.10296949998475,
                                            "children": {
                                                "TorchPolicy.sample_actions": {
                                                    "total": 112.27557760001899,
                                                    "count": 107751,
                                                    "self": 112.27557760001899
                                                }
                                            }
                                        }
                                    }
                                },
                                "workers": {
                                    "total": 0.9270221999919492,
                                    "count": 107750,
                                    "self": 0.0,
                                    "children": {
                                        "worker_root": {
                                            "total": 1191.5707554000116,
                                            "count": 107750,
                                            "is_parallel": true,
                                            "self": 891.5860895999859,