{
    "name": "root",
    "metadata": {
        "timer_format_version": "0.1.0",
        "start_time_seconds": "1683634887",
        "python_version": "3.7.13 (default, Mar 28 2022, 08:03:21) [MSC v.1916 64 bit (AMD64)]",
        "command_line_arguments": "C:\\Users\\udvar\\anaconda3\\envs\\20221009env\\Scripts\\mlagents-learn --run-id=202305091421",
        "mlagents_version": "0.28.0",
        "mlagents_envs_version": "0.28.0",
        "communication_protocol_version": "1.5.0",
        "pytorch_version": "1.7.1+cu110",
        "numpy_version": "1.21.6",
        "end_time_seconds": "1683634980"
    },
    "total": 92.989324,
    "count": 1,
    "self": 0.007148699999987684,
    "children": {
        "run_training.setup": {
            "total": 0.1926125999999999,
            "count": 1,
            "self": 0.1926125999999999
        },
        "TrainerController.start_learning": {
            "total": 92.7895627,
            "count": 1,
            "self": 0.11800730000027215,
            "children": {
                "TrainerController._reset_env": {
                    "total": 13.541515699999998,
                    "count": 1,
                    "self": 13.541515699999998
                },
                "TrainerController.advance": {
                    "total": 79.02028379999973,
                    "count": 4017,
                    "self": 0.11757359999960215,
                    "children": {
                        "env_step": {
                            "total": 76.68592740000018,
                            "count": 4017,
                            "self": 68.60390150000008,
                            "children": {
                                "SubprocessEnvManager._take_step": {
                                    "total": 8.018310200000041,
                                    "count": 4017,
                                    "self": 0.30176169999990776,
                                    "children": {
                                        "TorchPolicy.evaluate": {
                                            "total": 7.716548500000133,
                                            "count": 4017,
                                            "self": 1.4054058000000502,
                                            "children": {
                                                "TorchPolicy.sample_actions": {
                                                    "total": 6.311142700000083,
                                                    "count": 4017,
                                                    "self": 6.311142700000083
                                                }
                                            }
                                        }
                                    }
                                },
                                "workers": {
                                    "total": 0.06371570000006344,
                                    "count": 4016,
                                    "self": 0.0,
                                    "children": {
                                        "worker_root": {
                                            "total": 54.679113199999996,
                                            "count": 4016,
                                            "is_parallel": true,
                                            "self": 19.089446799999877,
                                            "children": {
                                                "steps_from_proto": {
                                                    "total": 0.0005339000000006422,
                                                    "count": 1,
                                                    "is_parallel": true,
                                                    "self": 0.0003126000000008844,
                                                    "children": {
                                                        "_process_rank_one_or_two_observation": {
                                                            "total": 0.0002212999999997578,
                                                            "count": 2,
                                                            "is_parallel": true,
                                                            "self": 0.0002212999999997578
                                                        }
                                                    }
                                                },
                                                "UnityEnvironment.step": {
                                                    "total": 35.58913250000012,
                                                    "count": 4016,
                                                    "is_parallel": true,
                                                    "self": 0.4290002000004307,
                                                    "children": {
                                                        "UnityEnvironment._generate_step_input": {
                                                            "total": 0.3907750000000636,
                                                            "count": 4016,
                                                            "is_parallel": true,
                                                            "self": 0.3907750000000636
                                                        },
                                                        "communicator.exchange": {
                                                            "total": 33.324640299999864,
                                                            "count": 4016,
                                                            "is_parallel": true,
                                                            "self": 33.324640299999864
                                                        },
                                                        "steps_from_proto": {
                                                            "total": 1.4447169999997662,
                                                            "count": 4016,
                                                            "is_parallel": true,
                                                            "self": 0.9433895999998594,
                                                            "children": {
                                                                "_process_rank_one_or_two_observation": {
                                                                    "total": 0.5013273999999068,
                                                                    "count": 8032,
                                                                    "is_parallel": true,
                                                                    "self": 0.5013273999999068
                                                                }
                                                            }
                                                        }
                                                    }
                                                }
                                            }
                                        }
                                    }
                                }
                            }
                        },
                        "trainer_advance": {
                            "total": 2.2167827999999474,
                            "count": 4016,
                            "self": 0.14725230000000167,
                            "children": {
                                "process_trajectory": {
                                    "total": 2.0695304999999458,
                                    "count": 4016,
                                    "self": 2.0695304999999458
                                }
                            }
                        }
                    }
                },