{
    "name": "root",
    "gauges": {
        "MyBehavior.Policy.Entropy.mean": {
            "value": 2.4383997917175293,
            "min": 2.4383997917175293,
            "max": 2.4383997917175293,
            "count": 1
        },
        "MyBehavior.Policy.Entropy.sum": {
            "value": 121937.0625,
            "min": 121937.0625,
            "max": 121937.0625,
            "count": 1
        },
        "MyBehavior.Environment.EpisodeLength.mean": {
            "value": 8.095489268825027,
            "min": 8.095489268825027,
            "max": 8.095489268825027,
            "count": 1
        },
        "MyBehavior.Environment.EpisodeLength.sum": {
            "value": 44509.0,
            "min": 44509.0,
            "max": 44509.0,
            "count": 1
        },
        "MyBehavior.Step.mean": {
            "value": 49999.0,
            "min": 49999.0,
            "max": 49999.0,
            "count": 1
        },
        "MyBehavior.Step.sum": {
            "value": 49999.0,
            "min": 49999.0,
            "max": 49999.0,
            "count": 1
        },
        "MyBehavior.Policy.ExtrinsicValueEstimate.mean": {
            "value": -4.491778373718262,
            "min": -4.491778373718262,
            "max": -4.491778373718262,
            "count": 1
        },
        "MyBehavior.Policy.ExtrinsicValueEstimate.sum": {
            "value": -24691.3046875,
            "min": -24691.3046875,
            "max": -24691.3046875,
            "count": 1
        },
        "MyBehavior.Environment.CumulativeReward.mean": {
            "value": 0.0,
            "min": 0.0,
            "max": 0.0,
            "count": 1
        },
        "MyBehavior.Environment.CumulativeReward.sum": {
            "value": 0.0,
            "min": 0.0,
            "max": 0.0,
            "count": 1
        },
        "MyBehavior.Policy.ExtrinsicReward.mean": {
            "value": 0.0,
            "min": 0.0,
            "max": 0.0,
            "count": 1
        },
        "MyBehavior.Policy.ExtrinsicReward.sum": {
            "value": 0.0,
            "min": 0.0,
            "max": 0.0,
            "count": 1
        },
        "MyBehavior.Losses.PolicyLoss.mean": {
            "value": 0.023018706153379753,
            "min": 0.023018706153379753,
            "max": 0.023018706153379753,
            "count": 1
        },
        "MyBehavior.Losses.PolicyLoss.sum": {
            "value": 0.09207482461351901,
            "min": 0.09207482461351901,
            "max": 0.09207482461351901,
            "count": 1
        },
        "MyBehavior.Losses.ValueLoss.mean": {
            "value": 0.018115960046028095,
            "min": 0.018115960046028095,
            "max": 0.018115960046028095,
            "count": 1
        },
        "MyBehavior.Losses.ValueLoss.sum": {
            "value": 0.07246384018411238,
            "min": 0.07246384018411238,
            "max": 0.07246384018411238,
            "count": 1
        },
        "MyBehavior.Policy.LearningRate.mean": {
            "value": 0.00028463295512234997,
            "min": 0.00028463295512234997,
            "max": 0.00028463295512234997,
            "count": 1
        },
        "MyBehavior.Policy.LearningRate.sum": {
            "value": 0.0011385318204893999,
            "min": 0.0011385318204893999,
            "max": 0.0011385318204893999,
            "count": 1
        },
        "MyBehavior.Policy.Epsilon.mean": {
            "value": 0.19487764999999996,
            "min": 0.19487764999999996,
            "max": 0.19487764999999996,
            "count": 1
        },
        "MyBehavior.Policy.Epsilon.sum": {
            "value": 0.7795105999999998,
            "min": 0.7795105999999998,
            "max": 0.7795105999999998,
            "count": 1
        },
        "MyBehavior.Policy.Beta.mean": {
            "value": 0.004744394735000001,
            "min": 0.004744394735000001,
            "max": 0.004744394735000001,
            "count": 1
        },
        "MyBehavior.Policy.Beta.sum": {
            "value": 0.018977578940000003,
            "min": 0.018977578940000003,
            "max": 0.018977578940000003,
            "count": 1
        },
        "MyBehavior.IsTraining.mean": {
            "value": 1.0,
            "min": 1.0,
            "max": 1.0,
            "count": 1
        },
        "MyBehavior.IsTraining.sum": {
            "value": 1.0,
            "min": 1.0,
            "max": 1.0,
            "count": 1
        }
    },
    "metadata": {
        "timer_format_version": "0.1.0",
        "start_time_seconds": "1684322287",
        "python_version": "3.7.13 (default, Mar 28 2022, 08:03:21) [MSC v.1916 64 bit (AMD64)]",
        "command_line_arguments": "C:\\Users\\udvar\\anaconda3\\envs\\20221009env\\Scripts\\mlagents-learn --run-id=202305171317",
        "mlagents_version": "0.28.0",
        "mlagents_envs_version": "0.28.0",
        "communication_protocol_version": "1.5.0",
        "pytorch_version": "1.7.1+cu110",
        "numpy_version": "1.21.6",
        "end_time_seconds": "1684322671"
    },
    "total": 384.3888783,
    "count": 1,
    "self": 0.007768599999963044,
    "children": {
        "run_training.setup": {
            "total": 0.14610579999999995,
            "count": 1,
            "self": 0.14610579999999995
        },
        "TrainerController.start_learning": {
            "total": 384.23500390000004,
            "count": 1,
            "self": 1.3649405999974533,
            "children": {
                "TrainerController._reset_env": {
                    "total": 13.1230339,
                    "count": 1,
                    "self": 13.1230339
                },
                "TrainerController.advance": {
                    "total": 369.6205976000026,
                    "count": 59517,
                    "self": 1.4241470999964463,
                    "children": {
                        "env_step": {
                            "total": 343.6074465000028,
                            "count": 59517,
                            "self": 278.30446780000455,
                            "children": {
                                "SubprocessEnvManager._take_step": {
                                    "total": 64.45213180000312,
                                    "count": 59517,
                                    "self": 3.205275599999453,
                                    "children": {
                                        "TorchPolicy.evaluate": {
                                            "total": 61.24685620000366,
                                            "count": 59517,
                                            "self": 16.3878775999992,
                                            "children": {
                                                "TorchPolicy.sample_actions": {
                                                    "total": 44.85897860000446,
                                                    "count": 59517,
                                                    "self": 44.85897860000446
                                                }
                                            }
                                        }
                                    }
                                },
                                "workers": {
                                    "total": 0.8508468999951866,
                                    "count": 59516,
                                    "self": 0.0,
                                    "children": {
                                        "worker_root": {
                                            "total": 312.11091320000565,
                                            "count": 59516,
                                            "is_parallel": true,
                                            "self": 153.52588940001354,