{
    "name": "root",
    "metadata": {
        "timer_format_version": "0.1.0",
        "start_time_seconds": "1684762054",
        "python_version": "3.7.13 (default, Mar 28 2022, 08:03:21) [MSC v.1916 64 bit (AMD64)]",
        "command_line_arguments": "C:\\Users\\udvar\\anaconda3\\envs\\20221009env\\Scripts\\mlagents-learn --run-id=202305221527",
        "mlagents_version": "0.28.0",
        "mlagents_envs_version": "0.28.0",
        "communication_protocol_version": "1.5.0",
        "pytorch_version": "1.7.1+cu110",
        "numpy_version": "1.21.6",
        "end_time_seconds": "1684762147"
    },
    "total": 93.446382,
    "count": 1,
    "self": 0.008089999999995712,
    "children": {
        "run_training.setup": {
            "total": 0.15672509999999962,
            "count": 1,
            "self": 0.15672509999999962
        },
        "TrainerController.start_learning": {
            "total": 93.2815669,
            "count": 1,
            "self": 0.24197409999955255,
            "children": {
                "TrainerController._reset_env": {
                    "total": 10.093910099999999,
                    "count": 1,
                    "self": 10.093910099999999
                },
                "TrainerController.advance": {
                    "total": 82.86057540000044,
                    "count": 9351,
                    "self": 0.23829960000054484,
                    "children": {
                        "env_step": {
                            "total": 75.49102609999993,
                            "count": 9351,
                            "self": 64.99872350000078,
                            "children": {
                                "SubprocessEnvManager._take_step": {
                                    "total": 10.35891699999983,
                                    "count": 9351,
                                    "self": 0.5527575000002294,
                                    "children": {
                                        "TorchPolicy.evaluate": {
                                            "total": 9.8061594999996,
                                            "count": 9351,
                                            "self": 2.44852939999887,
                                            "children": {
                                                "TorchPolicy.sample_actions": {
                                                    "total": 7.35763010000073,
                                                    "count": 9351,
                                                    "self": 7.35763010000073
                                                }
                                            }
                                        }
                                    }
                                },
                                "workers": {
                                    "total": 0.13338559999931476,
                                    "count": 9350,
                                    "self": 0.0,
                                    "children": {
                                        "worker_root": {
                                            "total": 58.27855130000015,
                                            "count": 9350,
                                            "is_parallel": true,
                                            "self": 29.970032400000534,
                                            "children": {
                                                "steps_from_proto": {
                                                    "total": 0.0005484999999998408,
                                                    "count": 1,
                                                    "is_parallel": true,
                                                    "self": 0.00032199999999882323,
                                                    "children": {
                                                        "_process_rank_one_or_two_observation": {
                                                            "total": 0.00022650000000101755,
                                                            "count": 2,
                                                            "is_parallel": true,
                                                            "self": 0.00022650000000101755
                                                        }
                                                    }
                                                },
                                                "UnityEnvironment.step": {
                                                    "total": 28.30797039999962,
                                                    "count": 9350,
                                                    "is_parallel": true,
                                                    "self": 0.8562422999990851,
                                                    "children": {
                                                        "UnityEnvironment._generate_step_input": {
                                                            "total": 0.7003872000003337,
                                                            "count": 9350,
                                                            "is_parallel": true,
                                                            "self": 0.7003872000003337
                                                        },
                                                        "communicator.exchange": {
                                                            "total": 23.513383400000137,
                                                            "count": 9350,
                                                            "is_parallel": true,
                                                            "self": 23.513383400000137
                                                        },
                                                        "steps_from_proto": {
                                                            "total": 3.2379575000000607,
                                                            "count": 9350,
                                                            "is_parallel": true,
                                                            "self": 2.0745437999999616,
                                                            "children": {
                                                                "_process_rank_one_or_two_observation": {
                                                                    "total": 1.163413700000099,
                                                                    "count": 18700,
                                                                    "is_parallel": true,
                                                                    "self": 1.163413700000099
                                                                }
                                                            }
                                                        }
                                                    }
                                                }
                                            }
                                        }
                                    }
                                }
                            }
                        },
                        "trainer_advance": {
                            "total": 7.131249699999973,
                            "count": 9350,
                            "self": 0.24881599999990733,
                            "children": {
                                "process_trajectory": {
                                    "total": 6.882433700000066,
                                    "count": 9350,
                                    "self": 6.882433700000066
                                }
                            }
                        }
                    }
                },