{
    "name": "root",
    "metadata": {
        "timer_format_version": "0.1.0",
        "start_time_seconds": "1688222125",
        "python_version": "3.7.13 (default, Oct 19 2022, 10:19:43) [MSC v.1916 64 bit (AMD64)]",
        "command_line_arguments": "C:\\Users\\Szabolcs\\anaconda3\\envs\\env2\\Scripts\\mlagents-learn --run-id=202307011635",
        "mlagents_version": "0.28.0",
        "mlagents_envs_version": "0.28.0",
        "communication_protocol_version": "1.5.0",
        "pytorch_version": "1.13.1+cu117",
        "numpy_version": "1.21.6",
        "end_time_seconds": "1688222152"
    },
    "total": 26.1812346,
    "count": 1,
    "self": 0.004230700000000809,
    "children": {
        "run_training.setup": {
            "total": 0.06939589999999995,
            "count": 1,
            "self": 0.06939589999999995
        },
        "TrainerController.start_learning": {
            "total": 26.107608,
            "count": 1,
            "self": 0.008413999999973498,
            "children": {
                "TrainerController._reset_env": {
                    "total": 7.9256698,
                    "count": 1,
                    "self": 7.9256698
                },
                "TrainerController.advance": {
                    "total": 18.092880100000023,
                    "count": 451,
                    "self": 0.007862300000017086,
                    "children": {
                        "env_step": {
                            "total": 15.3770901,
                            "count": 451,
                            "self": 13.904124699999983,
                            "children": {
                                "SubprocessEnvManager._take_step": {
                                    "total": 1.4686152999999944,
                                    "count": 451,
                                    "self": 0.01928619999999448,
                                    "children": {
                                        "TorchPolicy.evaluate": {
                                            "total": 1.4493291,
                                            "count": 451,
                                            "self": 0.40049289999998194,
                                            "children": {
                                                "TorchPolicy.sample_actions": {
                                                    "total": 1.048836200000018,
                                                    "count": 451,
                                                    "self": 1.048836200000018
                                                }
                                            }
                                        }
                                    }
                                },
                                "workers": {
                                    "total": 0.004350100000023005,
                                    "count": 450,
                                    "self": 0.0,
                                    "children": {
                                        "worker_root": {
                                            "total": 16.218367599999972,
                                            "count": 450,
                                            "is_parallel": true,
                                            "self": 7.163461899999998,
                                            "children": {
                                                "steps_from_proto": {
                                                    "total": 0.00043570000000059395,
                                                    "count": 1,
                                                    "is_parallel": true,
                                                    "self": 0.00020940000000102543,
                                                    "children": {
                                                        "_process_rank_one_or_two_observation": {
                                                            "total": 0.0002262999999995685,
                                                            "count": 2,
                                                            "is_parallel": true,
                                                            "self": 0.0002262999999995685
                                                        }
                                                    }
                                                },
                                                "UnityEnvironment.step": {
                                                    "total": 9.054469999999974,
                                                    "count": 450,
                                                    "is_parallel": true,
                                                    "self": 0.05241630000001152,
                                                    "children": {
                                                        "UnityEnvironment._generate_step_input": {
                                                            "total": 0.050231099999981765,
                                                            "count": 450,
                                                            "is_parallel": true,
                                                            "self": 0.050231099999981765
                                                        },
                                                        "communicator.exchange": {
                                                            "total": 8.786877799999953,
                                                            "count": 450,
                                                            "is_parallel": true,
                                                            "self": 8.786877799999953
                                                        },
                                                        "steps_from_proto": {
                                                            "total": 0.16494480000002731,
                                                            "count": 450,
                                                            "is_parallel": true,
                                                            "self": 0.07810699999999393,
                                                            "children": {
                                                                "_process_rank_one_or_two_observation": {
                                                                    "total": 0.08683780000003338,
                                                                    "count": 900,
                                                                    "is_parallel": true,
                                                                    "self": 0.08683780000003338
                                                                }
                                                            }
                                                        }
                                                    }
                                                }
                                            }
                                        }
                                    }
                                }
                            }
                        },
                        "trainer_advance": {
                            "total": 2.707927700000006,
                            "count": 450,
                            "self": 0.008526700000039966,
                            "children": {
                                "process_trajectory": {
                                    "total": 2.699400999999966,
                                    "count": 450,
                                    "self": 2.699400999999966
                                }
                            }
                        }
                    }
                },