{
    "name": "root",
    "metadata": {
        "timer_format_version": "0.1.0",
        "start_time_seconds": "1688312236",
        "python_version": "3.7.13 (default, Oct 19 2022, 10:19:43) [MSC v.1916 64 bit (AMD64)]",
        "command_line_arguments": "C:\\Users\\Szabolcs\\anaconda3\\envs\\env2\\Scripts\\mlagents-learn --run-id=202307021737",
        "mlagents_version": "0.28.0",
        "mlagents_envs_version": "0.28.0",
        "communication_protocol_version": "1.5.0",
        "pytorch_version": "1.13.1+cu117",
        "numpy_version": "1.21.6",
        "end_time_seconds": "1688312261"
    },
    "total": 25.6452925,
    "count": 1,
    "self": 0.015581900000000815,
    "children": {
        "run_training.setup": {
            "total": 0.06797000000000009,
            "count": 1,
            "self": 0.06797000000000009
        },
        "TrainerController.start_learning": {
            "total": 25.5617406,
            "count": 1,
            "self": 0.030721799999966493,
            "children": {
                "TrainerController._reset_env": {
                    "total": 9.7809571,
                    "count": 1,
                    "self": 9.7809571
                },
                "TrainerController.advance": {
                    "total": 15.65322330000003,
                    "count": 2051,
                    "self": 0.03030569999999244,
                    "children": {
                        "env_step": {
                            "total": 14.659187299999997,
                            "count": 2051,
                            "self": 10.538408300000153,
                            "children": {
                                "SubprocessEnvManager._take_step": {
                                    "total": 4.103210499999985,
                                    "count": 2051,
                                    "self": 0.07683149999998484,
                                    "children": {
                                        "TorchPolicy.evaluate": {
                                            "total": 4.026379,
                                            "count": 2051,
                                            "self": 1.5451872999999736,
                                            "children": {
                                                "TorchPolicy.sample_actions": {
                                                    "total": 2.4811917000000268,
                                                    "count": 2051,
                                                    "self": 2.4811917000000268
                                                }
                                            }
                                        }
                                    }
                                },
                                "workers": {
                                    "total": 0.0175684999998591,
                                    "count": 2050,
                                    "self": 0.0,
                                    "children": {
                                        "worker_root": {
                                            "total": 15.037202000000008,
                                            "count": 2050,
                                            "is_parallel": true,
                                            "self": 8.906717700000037,
                                            "children": {
                                                "steps_from_proto": {
                                                    "total": 0.00035119999999988494,
                                                    "count": 1,
                                                    "is_parallel": true,
                                                    "self": 0.00020700000000051233,
                                                    "children": {
                                                        "_process_rank_one_or_two_observation": {
                                                            "total": 0.0001441999999993726,
                                                            "count": 2,
                                                            "is_parallel": true,
                                                            "self": 0.0001441999999993726
                                                        }
                                                    }
                                                },
                                                "UnityEnvironment.step": {
                                                    "total": 6.130133099999972,
                                                    "count": 2050,
                                                    "is_parallel": true,
                                                    "self": 0.11621849999981038,
                                                    "children": {
                                                        "UnityEnvironment._generate_step_input": {
                                                            "total": 0.08302490000009577,
                                                            "count": 2050,
                                                            "is_parallel": true,
                                                            "self": 0.08302490000009577
                                                        },
                                                        "communicator.exchange": {
                                                            "total": 5.509570600000094,
                                                            "count": 2050,
                                                            "is_parallel": true,
                                                            "self": 5.509570600000094
                                                        },
                                                        "steps_from_proto": {
                                                            "total": 0.4213190999999714,
                                                            "count": 2050,
                                                            "is_parallel": true,
                                                            "self": 0.27983360000001944,
                                                            "children": {
                                                                "_process_rank_one_or_two_observation": {
                                                                    "total": 0.14148549999995197,
                                                                    "count": 4100,
                                                                    "is_parallel": true,
                                                                    "self": 0.14148549999995197
                                                                }
                                                            }
                                                        }
                                                    }
                                                }
                                            }
                                        }
                                    }
                                }
                            }
                        },
                        "trainer_advance": {
                            "total": 0.9637303000000408,
                            "count": 2050,
                            "self": 0.03321600000000835,
                            "children": {
                                "process_trajectory": {
                                    "total": 0.9305143000000324,
                                    "count": 2050,
                                    "self": 0.9305143000000324
                                }
                            }
                        }
                    }
                },