{
    "name": "root",
    "metadata": {
        "timer_format_version": "0.1.0",
        "start_time_seconds": "1684761693",
        "python_version": "3.7.13 (default, Mar 28 2022, 08:03:21) [MSC v.1916 64 bit (AMD64)]",
        "command_line_arguments": "C:\\Users\\udvar\\anaconda3\\envs\\20221009env\\Scripts\\mlagents-learn --run-id=202305221521",
        "mlagents_version": "0.28.0",
        "mlagents_envs_version": "0.28.0",
        "communication_protocol_version": "1.5.0",
        "pytorch_version": "1.7.1+cu110",
        "numpy_version": "1.21.6",
        "end_time_seconds": "1684761832"
    },
    "total": 139.5006564,
    "count": 1,
    "self": 0.007863299999996798,
    "children": {
        "run_training.setup": {
            "total": 0.13928680000000027,
            "count": 1,
            "self": 0.13928680000000027
        },
        "TrainerController.start_learning": {
            "total": 139.3535063,
            "count": 1,
            "self": 0.08903030000010403,
            "children": {
                "TrainerController._reset_env": {
                    "total": 11.383862500000001,
                    "count": 1,
                    "self": 11.383862500000001
                },
                "TrainerController.advance": {
                    "total": 127.76155629999991,
                    "count": 3667,
                    "self": 0.09044409999947334,
                    "children": {
                        "env_step": {
                            "total": 126.04972700000017,
                            "count": 3667,
                            "self": 121.78163230000031,
                            "children": {
                                "SubprocessEnvManager._take_step": {
                                    "total": 4.216912599999979,
                                    "count": 3667,
                                    "self": 0.20448599999968664,
                                    "children": {
                                        "TorchPolicy.evaluate": {
                                            "total": 4.012426600000293,
                                            "count": 3667,
                                            "self": 1.0066580000002379,
                                            "children": {
                                                "TorchPolicy.sample_actions": {
                                                    "total": 3.0057686000000547,
                                                    "count": 3667,
                                                    "self": 3.0057686000000547
                                                }
                                            }
                                        }
                                    }
                                },
                                "workers": {
                                    "total": 0.05118209999988643,
                                    "count": 3666,
                                    "self": 0.0,
                                    "children": {
                                        "worker_root": {
                                            "total": 28.642294300000085,
                                            "count": 3666,
                                            "is_parallel": true,
                                            "self": 12.411089099999966,
                                            "children": {
                                                "steps_from_proto": {
                                                    "total": 0.0005568000000000239,
                                                    "count": 1,
                                                    "is_parallel": true,
                                                    "self": 0.00031990000000270413,
                                                    "children": {
                                                        "_process_rank_one_or_two_observation": {
                                                            "total": 0.0002368999999973198,
                                                            "count": 2,
                                                            "is_parallel": true,
                                                            "self": 0.0002368999999973198
                                                        }
                                                    }
                                                },
                                                "UnityEnvironment.step": {
                                                    "total": 16.23064840000012,
                                                    "count": 3666,
                                                    "is_parallel": true,
                                                    "self": 0.3688592000001467,
                                                    "children": {
                                                        "UnityEnvironment._generate_step_input": {
                                                            "total": 0.32032330000010845,
                                                            "count": 3666,
                                                            "is_parallel": true,
                                                            "self": 0.32032330000010845
                                                        },
                                                        "communicator.exchange": {
                                                            "total": 14.268358300000038,
                                                            "count": 3666,
                                                            "is_parallel": true,
                                                            "self": 14.268358300000038
                                                        },
                                                        "steps_from_proto": {
                                                            "total": 1.2731075999998271,
                                                            "count": 3666,
                                                            "is_parallel": true,
                                                            "self": 0.7809001999999978,
                                                            "children": {
                                                                "_process_rank_one_or_two_observation": {
                                                                    "total": 0.4922073999998293,
                                                                    "count": 7332,
                                                                    "is_parallel": true,
                                                                    "self": 0.4922073999998293
                                                                }
                                                            }
                                                        }
                                                    }
                                                }
                                            }
                                        }
                                    }
                                }
                            }
                        },
                        "trainer_advance": {
                            "total": 1.6213852000002618,
                            "count": 3666,
                            "self": 0.10275710000022009,
                            "children": {
                                "process_trajectory": {
                                    "total": 1.5186281000000417,
                                    "count": 3666,
                                    "self": 1.5186281000000417
                                }
                            }
                        }
                    }
                },