{
    "name": "root",
    "metadata": {
        "timer_format_version": "0.1.0",
        "start_time_seconds": "1667560594",
        "python_version": "3.7.13 (default, Mar 28 2022, 08:03:21) [MSC v.1916 64 bit (AMD64)]",
        "command_line_arguments": "C:\\Users\\udvar\\anaconda3\\envs\\20221009env\\Scripts\\mlagents-learn --run-id=202211041216",
        "mlagents_version": "0.28.0",
        "mlagents_envs_version": "0.28.0",
        "communication_protocol_version": "1.5.0",
        "pytorch_version": "1.7.1+cu110",
        "numpy_version": "1.21.6",
        "end_time_seconds": "1667560705"
    },
    "total": 110.724311,
    "count": 1,
    "self": 0.0070429000000018505,
    "children": {
        "run_training.setup": {
            "total": 0.13626649999999962,
            "count": 1,
            "self": 0.13626649999999962
        },
        "TrainerController.start_learning": {
            "total": 110.5810016,
            "count": 1,
            "self": 0.13805129999973076,
            "children": {
                "TrainerController._reset_env": {
                    "total": 10.005157700000002,
                    "count": 1,
                    "self": 10.005157700000002
                },
                "TrainerController.advance": {
                    "total": 100.35476450000027,
                    "count": 5051,
                    "self": 0.12680150000005597,
                    "children": {
                        "env_step": {
                            "total": 93.16591350000019,
                            "count": 5051,
                            "self": 88.11781850000045,
                            "children": {
                                "SubprocessEnvManager._take_step": {
                                    "total": 4.97796819999971,
                                    "count": 5051,
                                    "self": 0.2778834999995947,
                                    "children": {
                                        "TorchPolicy.evaluate": {
                                            "total": 4.700084700000115,
                                            "count": 5051,
                                            "self": 1.1808192000000677,
                                            "children": {
                                                "TorchPolicy.sample_actions": {
                                                    "total": 3.5192655000000475,
                                                    "count": 5051,
                                                    "self": 3.5192655000000475
                                                }
                                            }
                                        }
                                    }
                                },
                                "workers": {
                                    "total": 0.07012680000002725,
                                    "count": 5050,
                                    "self": 0.0,
                                    "children": {
                                        "worker_root": {
                                            "total": 39.843210099999986,
                                            "count": 5050,
                                            "is_parallel": true,
                                            "self": 20.753887299999935,
                                            "children": {
                                                "steps_from_proto": {
                                                    "total": 0.0005490000000003548,
                                                    "count": 1,
                                                    "is_parallel": true,
                                                    "self": 0.0003349000000003599,
                                                    "children": {
                                                        "_process_rank_one_or_two_observation": {
                                                            "total": 0.00021409999999999485,
                                                            "count": 2,
                                                            "is_parallel": true,
                                                            "self": 0.00021409999999999485
                                                        }
                                                    }
                                                },
                                                "UnityEnvironment.step": {
                                                    "total": 19.08877380000005,
                                                    "count": 5050,
                                                    "is_parallel": true,
                                                    "self": 0.48977930000031833,
                                                    "children": {
                                                        "UnityEnvironment._generate_step_input": {
                                                            "total": 0.3834908999997779,
                                                            "count": 5050,
                                                            "is_parallel": true,
                                                            "self": 0.3834908999997779
                                                        },
                                                        "communicator.exchange": {
                                                            "total": 16.34148200000002,
                                                            "count": 5050,
                                                            "is_parallel": true,
                                                            "self": 16.34148200000002
                                                        },
                                                        "steps_from_proto": {
                                                            "total": 1.8740215999999332,
                                                            "count": 5050,
                                                            "is_parallel": true,
                                                            "self": 1.1363392999997313,
                                                            "children": {
                                                                "_process_rank_one_or_two_observation": {
                                                                    "total": 0.737682300000202,
                                                                    "count": 10100,
                                                                    "is_parallel": true,
                                                                    "self": 0.737682300000202
                                                                }
                                                            }
                                                        }
                                                    }
                                                }
                                            }
                                        }
                                    }
                                }
                            }
                        },
                        "trainer_advance": {
                            "total": 7.062049500000027,
                            "count": 5050,
                            "self": 0.12059690000017476,
                            "children": {
                                "process_trajectory": {
                                    "total": 6.941452599999852,
                                    "count": 5050,
                                    "self": 6.941452599999852
                                }
                            }
                        }
                    }
                },